"20MICRONS","INE144J01027"
"3IINFOTECH","INE748C01020"
"3MINDIA","INE470A01017"
"63MOONS","INE111B01023"
"8KMILES","INE650K01021"
"A2ZINFRA","INE619I01012"
"AARTIDRUGS","INE767A01016"
"AARTIIND","INE769A01020"
"AARVEEDEN","INE273D01019"
"ABAN","INE421A01028"
"ABB","INE117A01022"
"ABBOTINDIA","INE358A01014"
"ABFRL","INE647O01011"
"ABGSHIP","INE067H01016"
"ABIRLANUVO","INE069A01017"
"ABMINTLTD","INE251C01017"
"ACC","INE012A01025"
"ACCELYA","INE793A01012"
"ACE","INE731H01025"
"ADANIENT","INE423A01024"
"ADANIPORTS","INE742F01042"
"ADANIPOWER","INE814H01011"
"ADANITRANS","INE931S01010"
"ADFFOODS","INE982B01019"
"ADHUNIK","INE400H01019"
"ADHUNIKIND","INE452L01012"
"ADLABS","INE172N01012"
"ADORWELD","INE045A01017"
"ADSL","INE102I01027"
"ADVANIHOTR","INE199C01026"
"ADVENZYMES","INE837H01020"
"AEGISCHEM","INE208C01025"
"AFL","INE020G01017"
"AGARIND","INE204E01012"
"AGCNET","INE676A01019"
"AGRITECH","INE449G01018"
"AHLEAST","INE926K01017"
"AHLUCONT","INE758C01029"
"AHLWEST","INE915K01010"
"AIAENG","INE212H01026"
"AICHAMP","INE768E01024"
"AIFL","INE428O01016"
"AJANTPHARM","INE031B01049"
"AJMERA","INE298G01027"
"AKSHARCHEM","INE542B01011"
"AKSHOPTFBR","INE523B01011"
"AKZOINDIA","INE133A01011"
"ALANKIT","INE914E01040"
"ALBERTDAVD","INE155C01010"
"ALBK","INE428A01015"
"ALCHEM","INE964B01033"
"ALEMBICLTD","INE426A01027"
"ALICON","INE062D01024"
"ALKALI","INE773I01017"
"ALKEM","INE540L01014"
"ALKYLAMINE","INE150B01021"
"ALLCARGO","INE418H01029"
"ALLSEC","INE835G01018"
"ALMONDZ","INE326B01027"
"ALOKTEXT","INE270A01011"
"ALPA","INE385I01010"
"ALPHAGEO","INE137C01018"
"ALPSINDUS","INE093B01015"
"AMARAJABAT","INE885A01032"
"AMBIKCO","INE540G01014"
"AMBUJACEM","INE079A01024"
"AMDIND","INE005I01014"
"AMRUTANJAN","INE098F01023"
"AMTEKAUTO","INE130C01021"
"ANANDAMRUB","INE618N01014"
"ANANTRAJ","INE242C01024"
"ANDHRABANK","INE434A01013"
"ANDHRACEMT","INE666E01012"
"ANDHRSUGAR","INE715B01013"
"ANGIND","INE017D01010"
"ANIKINDS","INE087B01017"
"ANKITMETAL","INE106I01010"
"ANSALAPI","INE436A01026"
"ANSALHSG","INE880B01015"
"ANTGRAPHIC","INE414B01021"
"APARINDS","INE372A01015"
"APCL","INE071F01012"
"APCOTEXIND","INE116A01024"
"APLAPOLLO","INE702C01019"
"APLLTD","INE901L01018"
"APOLLOHOSP","INE437A01024"
"APOLLOTYRE","INE438A01022"
"APOLSINHOT","INE451F01016"
"APTECHT","INE266F01018"
"ARCHIDPLY","INE877I01016"
"ARCHIES","INE731A01020"
"ARCOTECH","INE574I01035"
"ARIES","INE298I01015"
"ARIHANT","INE413D01011"
"ARIHANTSUP","INE643K01018"
"ARMANFIN","INE109C01017"
"AROGRANITE","INE210C01013"
"ARROWGREEN","INE570D01018"
"ARROWTEX","INE933J01015"
"ARSHIYA","INE968D01022"
"ARSSINFRA","INE267I01010"
"ARVIND","INE034A01011"
"ARVSMART","INE034S01021"
"ASAHIINDIA","INE439A01020"
"ASAHISONG","INE228I01012"
"ASAL","INE900C01027"
"ASHAPURMIN","INE348A01023"
"ASHIANA","INE365D01021"
"ASHIMASYN","INE440A01010"
"ASHOKA","INE442H01029"
"ASHOKLEY","INE208A01029"
"ASIANHOTNR","INE363A01022"
"ASIANPAINT","INE021A01026"
"ASIANTILES","INE022I01019"
"ASIL","INE988A01026"
"ASPINWALL","INE991I01015"
"ASSAMCO","INE442A01024"
"ASTEC","INE563J01010"
"ASTRAL","INE006I01046"
"ASTRAMICRO","INE386C01029"
"ASTRAZEN","INE203A01020"
"ATFL","INE209A01019"
"ATLANTA","INE285H01022"
"ATLASCYCLE","INE446A01017"
"ATUL","INE100A01010"
"ATULAUTO","INE951D01028"
"AURIONPRO","INE132H01018"
"AUROPHARMA","INE406A01037"
"AUSOMENT","INE218C01016"
"AUSTRAL","INE455J01027"
"AUTOAXLES","INE449A01011"
"AUTOIND","INE718H01014"
"AUTOLITIND","INE448A01013"
"AVANTIFEED","INE871C01020"
"AVTNPL","INE488D01021"
"AXISBANK","INE238A01034"
"AXISCADES","INE555B01013"
"AYMSYNTEX","INE193B01039"
"BAFNAPHARM","INE878I01014"
"BAGFILMS","INE116D01028"
"BAJAJ-AUTO","INE917I01010"
"BAJAJCORP","INE933K01021"
"BAJAJELEC","INE193E01025"
"BAJAJFINSV","INE918I01018"
"BAJAJHIND","INE306A01021"
"BAJAJHLDNG","INE118A01012"
"BAJFINANCE","INE296A01024"
"BALAJITELE","INE794B01026"
"BALAMINES","INE050E01027"
"BALKRISHNA","INE875R01011"
"BALKRISIND","INE787D01026"
"BALLARPUR","INE294A01037"
"BALMLAWRIE","INE164A01016"
"BALPHARMA","INE083D01012"
"BALRAMCHIN","INE119A01028"
"BANARBEADS","INE655B01011"
"BANARISUG","INE459A01010"
"BANCOINDIA","INE213C01025"
"BANG","INE863I01016"
"BANKBARODA","INE028A01039"
"BANKINDIA","INE084A01016"
"BANSWRAS","INE629D01012"
"BARTRONICS","INE855F01034"
"BASF","INE373A01013"
"BASML","INE186H01014"
"BATAINDIA","INE176A01028"
"BAYERCROP","INE462A01022"
"BBL","INE464A01028"
"BBTC","INE050A01025"
"BEARDSELL","INE520H01022"
"BEDMUTHA","INE844K01012"
"BEL","INE263A01024"
"BEML","INE258A01016"
"BEPL","INE922A01025"
"BERGEPAINT","INE463A01038"
"BFINVEST","INE878K01010"
"BFUTILITIE","INE243D01012"
"BGLOBAL","INE224M01013"
"BGRENERGY","INE661I01014"
"BHAGERIA","INE354C01027"
"BHAGYANGR","INE458B01036"
"BHANDARI","INE474E01029"
"BHARATFIN","INE180K01011"
"BHARATFORG","INE465A01025"
"BHARATGEAR","INE561C01019"
"BHARATIDIL","INE673G01013"
"BHARATRAS","INE838B01013"
"BHARATWIRE","INE316L01019"
"BHARTIARTL","INE397D01024"
"BHEL","INE257A01026"
"BHUSANSTL","INE824B01021"
"BIGBLOC","INE412U01017"
"BIL","INE828A01016"
"BILENERGY","INE607L01029"
"BILPOWER","INE952D01018"
"BINANIIND","INE071A01013"
"BINDALAGRO","INE143A01010"
"BIOCON","INE376G01013"
"BIRLACABLE","INE800A01015"
"BIRLACORPN","INE340A01012"
"BIRLAMONEY","INE865C01022"
"BLBLIMITED","INE791A01024"
"BLISSGVS","INE416D01022"
"BLKASHYAP","INE350H01032"
"BLS","INE153T01027"
"BLUEBLENDS","INE113O01014"
"BLUECOAST","INE472B01011"
"BLUEDART","INE233B01017"
"BLUESTARCO","INE472A01039"
"BODALCHEM","INE338D01028"
"BOMDYEING","INE032A01023"
"BOSCHLTD","INE323A01026"
"BPCL","INE029A01011"
"BPL","INE110A01019"
"BRFL","INE589G01011"
"BRIGADE","INE791I01019"
"BRITANNIA","INE216A01022"
"BROOKS","INE650L01011"
"BSE","INE118H01025"
"BSELINFRA","INE395A01016"
"BSL","INE594B01012"
"BSLIMITED","INE043K01029"
"BURNPUR","INE817H01014"
"BUTTERFLY","INE295F01017"
"BVCL","INE139I01011"
"BYKE","INE319B01014"
"CADILAHC","INE010B01027"
"CALSOFT","INE526B01014"
"CAMLINFINE","INE052I01032"
"CANBK","INE476A01014"
"CANDC","INE874H01015"
"CANFINHOME","INE477A01012"
"CANTABIL","INE068L01016"
"CAPF","INE688I01017"
"CAPLIPOINT","INE475E01026"
"CAPTRUST","INE707C01018"
"CARBORUNIV","INE120A01034"
"CAREERP","INE521J01018"
"CARERATING","INE752H01013"
"CASTEXTECH","INE068D01021"
"CASTROLIND","INE172A01027"
"CCCL","INE429I01024"
"CCHHL","INE652F01027"
"CCL","INE421D01022"
"CEATLTD","INE482A01020"
"CEBBCO","INE209L01016"
"CELEBRITY","INE185H01016"
"CELESTIAL","INE221I01017"
"CENTENKA","INE485A01015"
"CENTEXT","INE281A01026"
"CENTRALBK","INE483A01010"
"CENTUM","INE320B01020"
"CENTURYPLY","INE348B01021"
"CENTURYTEX","INE055A01016"
"CERA","INE739E01017"
"CEREBRAINT","INE345B01019"
"CESC","INE486A01013"
"CGCL","INE180C01026"
"CGPOWER","INE067A01029"
"CHAMBLFERT","INE085A01013"
"CHENNPETRO","INE178A01016"
"CHOLAFIN","INE121A01016"
"CHROMATIC","INE662C01015"
"CIGNITITEC","INE675C01017"
"CIMMCO","INE184C01028"
"CINELINE","INE704H01022"
"CINEVISTA","INE039B01026"
"CIPLA","INE059A01026"
"CLEDUCATE","INE201M01011"
"CLNINDIA","INE492A01029"
"CMICABLES","INE981B01011"
"CNOVAPETRO","INE672K01025"
"COALINDIA","INE522F01014"
"COFFEEDAY","INE335K01011"
"COLPAL","INE259A01022"
"COMPINFO","INE070C01037"
"COMPUSOFT","INE453B01029"
"CONCOR","INE111A01017"
"CONSOFINVT","INE025A01027"
"CONTROLPR","INE663B01015"
"CORALFINAC","INE558D01013"
"CORDSCABLE","INE792I01017"
"COROMANDEL","INE169A01031"
"CORPBANK","INE112A01023"
"COSMOFILMS","INE757A01017"
"COUNCODOS","INE695B01025"
"COX&KINGS","INE008I01026"
"CREATIVEYE","INE230B01021"
"CREST","INE559D01011"
"CRISIL","INE007A01025"
"CROMPTON","INE299U01018"
"CTE","INE627H01017"
"CUB","INE491A01021"
"CUBEXTUB","INE144D01012"
"CUMMINSIND","INE298A01020"
"CUPID","INE509F01011"
"CURATECH","INE117B01012"
"CYBERMEDIA","INE278G01037"
"CYBERTECH","INE214A01019"
"CYIENT","INE136B01020"
"DAAWAT","INE818H01020"
"DABUR","INE016A01026"
"DALMIABHA","INE439L01019"
"DALMIASUG","INE495A01022"
"DAMODARIND","INE497D01014"
"DATAMATICS","INE365B01017"
"DBCORP","INE950I01011"
"DBL","INE917M01012"
"DBREALTY","INE879I01012"
"DBSTOCKBRO","INE921B01025"
"DCBBANK","INE503A01015"
"DCM","INE498A01018"
"DCMSHRIRAM","INE499A01024"
"DCW","INE500A01029"
"DECCANCE","INE583C01013"
"DEEPAKFERT","INE501A01019"
"DEEPAKNTR","INE288B01029"
"DEEPIND","INE677H01012"
"DELTACORP","INE124G01033"
"DELTAMAGNT","INE393A01011"
"DEN","INE947J01015"
"DENABANK","INE077A01010"
"DENORA","INE244A01016"
"DFMFOODS","INE456C01012"
"DHAMPURSUG","INE041A01016"
"DHANBANK","INE680A01011"
"DHANUKA","INE435G01025"
"DHARSUGAR","INE988C01014"
"DHFL","INE202B01012"
"DHUNINV","INE320L01011"
"DIAPOWER","INE989C01012"
"DICIND","INE303A01010"
"DIGJAMLTD","INE731U01010"
"DISHTV","INE836F01026"
"DIVISLAB","INE361B01024"
"DLF","INE271C01023"
"DLINKINDIA","INE250K01012"
"DMART","INE192R01011"
"DOLLAR","INE325C01027"
"DOLPHINOFF","INE920A01011"
"DONEAR","INE668D01028"
"DPL","INE477B01010"
"DPSCLTD","INE360C01024"
"DQE","INE656K01010"
"DREDGECORP","INE506A01018"
"DRREDDY","INE089A01023"
"DSKULKARNI","INE891A01014"
"DSSL","INE417B01040"
"DTIL","INE341R01014"
"DUCON","INE741L01018"
"DWARKESH","INE366A01033"
"DYNAMATECH","INE221B01012"
"EASTSILK","INE962C01027"
"EASUNREYRL","INE268C01029"
"ECEIND","INE588B01014"
"ECLERX","INE738I01010"
"EDELWEISS","INE532F01054"
"EDL","INE180G01019"
"EDUCOMP","INE216H01027"
"EICHERMOT","INE066A01013"
"EIDPARRY","INE126A01031"
"EIHAHOTELS","INE276C01014"
"EIHOTEL","INE230A01023"
"EIMCOELECO","INE158B01016"
"EKC","INE184H01027"
"ELAND","INE311H01018"
"ELECON","INE205B01023"
"ELECTCAST","INE086A01029"
"ELECTHERM","INE822G01016"
"ELGIEQUIP","INE285A01027"
"ELGIRUBCO","INE819L01012"
"EMAMIINFRA","INE778K01012"
"EMAMILTD","INE548C01032"
"EMCO","INE078A01026"
"EMKAY","INE296H01011"
"EMMBI","INE753K01015"
"ENDURANCE","INE913H01037"
"ENERGYDEV","INE306C01019"
"ENGINERSIN","INE510A01028"
"ENIL","INE265F01028"
"EON","INE076H01025"
"EQUITAS","INE988K01017"
"EROSMEDIA","INE416L01017"
"ESABINDIA","INE284A01012"
"ESCORTS","INE042A01014"
"ESL","INE481K01013"
"ESSARSHPNG","INE122M01019"
"ESSDEE","INE825H01017"
"ESSELPACK","INE255A01020"
"ESTER","INE778B01029"
"EUROCERA","INE649H01011"
"EUROMULTI","INE063J01011"
"EUROTEXIND","INE022C01012"
"EVEREADY","INE128A01029"
"EVERESTIND","INE295A01018"
"EXCEL","INE688J01015"
"EXCELCROP","INE223G01017"
"EXCELINDUS","INE369A01029"
"EXIDEIND","INE302A01020"
"FACT","INE188A01015"
"FAGBEARING","INE513A01014"
"FAIRCHEM","INE959A01019"
"FCL","INE045J01026"
"FCONSUMER","INE220J01025"
"FCSSOFT","INE512B01022"
"FDC","INE258B01022"
"FEDDERELEC","INE249C01011"
"FEDERALBNK","INE171A01029"
"FEL","INE623B01027"
"FELDVR","IN9623B01058"
"FIEMIND","INE737H01014"
"FILATEX","INE816B01019"
"FINCABLES","INE235A01022"
"FINPIPE","INE183A01016"
"FIRSTWIN","INE315J01015"
"FLEXITUFF","INE060J01017"
"FLFL","INE452O01016"
"FMGOETZE","INE529A01010"
"FMNL","INE360L01017"
"FORTIS","INE061F01013"
"FOSECOIND","INE519A01011"
"FRETAIL","INE752P01024"
"FSL","INE684F01012"
"GABRIEL","INE524A01029"
"GAEL","INE036B01022"
"GAIL","INE129A01019"
"GAL","INE482J01021"
"GALLANTT","INE297H01019"
"GALLISPAT","INE528K01011"
"GAMMNINFRA","INE181G01025"
"GAMMONIND","INE259B01020"
"GANDHITUBE","INE524B01027"
"GANECOS","INE845D01014"
"GANESHHOUC","INE460C01014"
"GANGOTRI","INE670B01028"
"GARDENSILK","INE526A01016"
"GARWALLROP","INE276A01018"
"GATI","INE152B01027"
"GAYAPROJ","INE336H01023"
"GDL","INE852F01015"
"GEECEE","INE916G01016"
"GEMINI","INE878C01033"
"GENESYS","INE727B01026"
"GENUSPAPER","INE949P01018"
"GENUSPOWER","INE955D01029"
"GEOJITFSL","INE007B01023"
"GEPIL","INE878A01011"
"GESHIP","INE017A01032"
"GET&D","INE200A01026"
"GHCL","INE539A01019"
"GICHSGFIN","INE289B01019"
"GILLANDERS","INE047B01011"
"GILLETTE","INE322A01010"
"GINNIFILA","INE424C01010"
"GIPCL","INE162A01010"
"GISOLUTION","INE065J01016"
"GITANJALI","INE346H01014"
"GKWLIMITED","INE528A01020"
"GLAXO","INE159A01016"
"GLENMARK","INE935A01035"
"GLFL","INE540A01017"
"GLOBALVECT","INE792H01019"
"GLOBOFFS","INE446C01013"
"GLOBUSSPR","INE615I01010"
"GMBREW","INE075D01018"
"GMDCLTD","INE131A01031"
"GMRINFRA","INE776C01039"
"GNA","INE934S01014"
"GNFC","INE113A01013"
"GOACARBON","INE426D01013"
"GOCLCORP","INE077F01035"
"GODFRYPHLP","INE260B01028"
"GODREJCP","INE102D01028"
"GODREJIND","INE233A01035"
"GODREJPROP","INE484J01027"
"GOENKA","INE516K01024"
"GOKEX","INE887G01027"
"GOKUL","INE020J01029"
"GOKULAGRO","INE314T01025"
"GOLDENTOBC","INE973A01010"
"GOLDIAM","INE025B01017"
"GOLDINFRA","INE260D01016"
"GOLDTECH","INE805A01014"
"GOODLUCK","INE127I01024"
"GPIL","INE177H01013"
"GPPL","INE517F01014"
"GPTINFRA","INE390G01014"
"GRANULES","INE101D01020"
"GRAPHITE","INE371A01025"
"GRASIM","INE047A01021"
"GRAVITA","INE024L01027"
"GREAVESCOT","INE224A01026"
"GREENFIRE","INE217G01027"
"GREENLAM","INE544R01013"
"GREENPLY","INE461C01038"
"GREENPOWER","INE999K01014"
"GRINDWELL","INE536A01023"
"GROBTEA","INE646C01018"
"GRPLTD","INE137I01015"
"GRUH","INE580B01029"
"GSCLCEMENT","INE542A01039"
"GSFC","INE026A01025"
"GSKCONS","INE264A01014"
"GSPL","INE246F01010"
"GSS","INE871H01011"
"GTL","INE043A01012"
"GTLINFRA","INE221H01019"
"GTNIND","INE537A01013"
"GTNTEX","INE302H01017"
"GTOFFSHORE","INE892H01017"
"GUFICBIO","INE742B01025"
"GUJALKALI","INE186A01019"
"GUJAPOLLO","INE826C01016"
"GUJFLUORO","INE538A01037"
"GUJGASLTD","INE844O01022"
"GUJNRECOKE","INE110D01013"
"GUJNREDVR","IN9110D01011"
"GULFOILLUB","INE635Q01029"
"GULFPETRO","INE586G01017"
"GULPOLY","INE255D01024"
"GVKPIL","INE251H01024"
"HANUNG","INE648H01013"
"HARITASEAT","INE939D01015"
"HARRMALAYA","INE544A01019"
"HATHWAY","INE982F01036"
"HATSUN","INE473B01035"
"HAVELLS","INE176B01034"
"HBLPOWER","INE292B01021"
"HBSTOCK","INE550B01014"
"HCC","INE549A01026"
"HCG","INE075I01017"
"HCL-INSYS","INE236A01020"
"HCLTECH","INE860A01027"
"HDFC","INE001A01036"
"HDFCBANK","INE040A01026"
"HDIL","INE191I01012"
"HEG","INE545A01016"
"HEIDELBERG","INE578A01017"
"HERCULES","INE688E01024"
"HERITGFOOD","INE978A01019"
"HEROMOTOCO","INE158A01026"
"HESTERBIO","INE782E01017"
"HEXATRADEX","INE750M01017"
"HEXAWARE","INE093A01033"
"HFCL","INE548A01028"
"HGS","INE170I01016"
"HIGHGROUND","INE361M01021"
"HIKAL","INE475B01022"
"HIL","INE557A01011"
"HILTON","INE788H01017"
"HIMATSEIDE","INE049A01027"
"HINDALCO","INE038A01020"
"HINDCOMPOS","INE310C01029"
"HINDCOPPER","INE531E01026"
"HINDDORROL","INE551A01022"
"HINDMOTORS","INE253A01025"
"HINDNATGLS","INE952A01022"
"HINDOILEXP","INE345A01011"
"HINDPETRO","INE094A01015"
"HINDSYNTEX","INE155B01012"
"HINDUJAVEN","INE353A01023"
"HINDUNILVR","INE030A01027"
"HINDZINC","INE267A01025"
"HIRECT","INE835D01023"
"HISARMETAL","INE598C01011"
"HITECHCORP","INE120D01012"
"HITECHGEAR","INE127B01011"
"HMT","INE262A01018"
"HMVL","INE871K01015"
"HOCL","INE048A01011"
"HONAUT","INE671A01010"
"HONDAPOWER","INE634A01018"
"HOTELEELA","INE102A01024"
"HOTELRUGBY","INE275F01019"
"HOVS","INE596H01014"
"HPL","INE495S01016"
"HSCL","INE019C01026"
"HSIL","INE415A01038"
"HTMEDIA","INE501G01024"
"HUBTOWN","INE703H01016"
"HUDCO","INE031A01017"
"IBREALEST","INE069I01010"
"IBULHSGFIN","INE148I01020"
"IBVENTURES","INE274G01010"
"ICICIBANK","INE090A01021"
"ICICIPRULI","INE726G01019"
"ICIL","INE483B01026"
"ICRA","INE725G01011"
"ICSA","INE306B01029"
"IDBI","INE008A01015"
"IDEA","INE669E01016"
"IDFC","INE043D01016"
"IDFCBANK","INE092T01019"
"IFBAGRO","INE076C01018"
"IFBIND","INE559A01017"
"IFCI","INE039A01010"
"IFGLREFRAC","INE023B01012"
"IGARASHI","INE188B01013"
"IGL","INE203G01019"
"IGPL","INE204A01010"
"IIFL","INE530B01024"
"IITL","INE886A01014"
"IL&FSENGG","INE369I01014"
"IL&FSTRANS","INE975G01012"
"IMFA","INE919H01018"
"IMPAL","INE547E01014"
"IMPEXFERRO","INE691G01015"
"INDBANK","INE841B01017"
"INDHOTEL","INE053A01029"
"INDIACEM","INE383A01012"
"INDIAGLYCO","INE560A01015"
"INDIANB","INE562A01011"
"INDIANCARD","INE061A01014"
"INDIANHUME","INE323C01030"
"INDIGO","INE646L01027"
"INDLMETER","INE065B01013"
"INDNIPPON","INE092B01017"
"INDOCO","INE873D01024"
"INDORAMA","INE156A01020"
"INDOSOLAR","INE866K01015"
"INDOTECH","INE332H01014"
"INDOTHAI","INE337M01013"
"INDOWIND","INE227G01018"
"INDRAMEDCO","INE681B01017"
"INDSWFTLAB","INE915B01019"
"INDSWFTLTD","INE788B01028"
"INDTERRAIN","INE611L01021"
"INDUSINDBK","INE095A01012"
"INEOSSTYRO","INE189B01011"
"INFIBEAM","INE483S01012"
"INFINITE","INE486J01014"
"INFRATEL","INE121J01017"
"INFY","INE009A01021"
"INGERRAND","INE177A01018"
"INOXLEISUR","INE312H01016"
"INOXWIND","INE066P01011"
"INSECTICID","INE070I01018"
"INTEGRA","INE418N01027"
"INTELLECT","INE306R01017"
"INTENTECH","INE781A01025"
"INVENTURE","INE878H01016"
"IOB","INE565A01014"
"IOC","INE242A01010"
"IOLCP","INE485C01011"
"IPAPPM","INE435A01028"
"IPCALAB","INE571A01020"
"IRB","INE821I01014"
"ISFT","INE566K01011"
"ISMTLTD","INE732F01019"
"ITC","INE154A01025"
"ITDC","INE353K01014"
"ITDCEM","INE686A01026"
"ITI","INE248A01017"
"IVC","INE050B01023"
"IVP","INE043C01018"
"IVRCLINFRA","INE875A01025"
"IZMO","INE848A01014"
"J&KBANK","INE168A01041"
"JAGRAN","INE199G01027"
"JAGSNPHARM","INE048B01027"
"JAIBALAJI","INE091G01018"
"JAICORPLTD","INE070D01027"
"JAIHINDPRO","INE343D01010"
"JAINSTUDIO","INE486B01011"
"JAMNAAUTO","INE039C01024"
"JAYAGROGN","INE785A01026"
"JAYBARMARU","INE571B01028"
"JAYNECOIND","INE854B01010"
"JAYSREETEA","INE364A01020"
"JBCHEPHARM","INE572A01028"
"JBFIND","INE187A01017"
"JBMA","INE927D01028"
"JCHAC","INE782A01015"
"JETAIRWAYS","INE802G01018"
"JHS","INE544H01014"
"JINDALPHOT","INE796G01012"
"JINDALPOLY","INE197D01010"
"JINDALSAW","INE324A01024"
"JINDALSTEL","INE749A01030"
"JINDCOT","INE904J01016"
"JINDRILL","INE742C01031"
"JINDWORLD","INE247D01013"
"JISLDVREQS","IN9175A01010"
"JISLJALEQS","INE175A01038"
"JITFINFRA","INE863T01013"
"JKCEMENT","INE823G01014"
"JKIL","INE576I01022"
"JKLAKSHMI","INE786A01032"
"JKPAPER","INE789E01012"
"JKTYRE","INE573A01042"
"JMA","INE412C01015"
"JMCPROJECT","INE890A01016"
"JMFINANCIL","INE780C01023"
"JMTAUTOLTD","INE988E01036"
"JOCIL","INE839G01010"
"JPASSOCIAT","INE455F01025"
"JPINFRATEC","INE099J01015"
"JPOLYINVST","INE147P01019"
"JPPOWER","INE351F01018"
"JSL","INE220G01021"
"JSLHISAR","INE455T01018"
"JSWENERGY","INE121E01018"
"JSWHL","INE824G01012"
"JSWSTEEL","INE019A01038"
"JUBILANT","INE700A01033"
"JUBLFOOD","INE797F01012"
"JUBLINDS","INE645L01011"
"JUSTDIAL","INE599M01018"
"JVLAGRO","INE430G01026"
"JYOTHYLAB","INE668F01031"
"JYOTISTRUC","INE197A01024"
"KABRAEXTRU","INE900B01029"
"KAJARIACER","INE217B01036"
"KAKATCEM","INE437B01014"
"KALPATPOWR","INE220B01022"
"KALYANI","INE610E01010"
"KALYANIFRG","INE314G01014"
"KAMATHOTEL","INE967C01018"
"KAMDHENU","INE390H01012"
"KANANIIND","INE879E01037"
"KANORICHEM","INE138C01024"
"KANSAINER","INE531A01024"
"KARMAENG","INE725L01011"
"KARURVYSYA","INE036D01028"
"KAUSHALYA","INE234I01010"
"KAVVERITEL","INE641C01019"
"KAYA","INE587G01015"
"KCP","INE805C01028"
"KCPSUGIND","INE790B01024"
"KDDL","INE291D01011"
"KEC","INE389H01022"
"KECL","INE134B01017"
"KEI","INE878B01027"
"KELLTONTEC","INE164B01022"
"KERNEX","INE202H01019"
"KESARENT","INE133B01019"
"KESORAMIND","INE087A01019"
"KEYCORPSER","INE681C01015"
"KGL","INE299C01024"
"KHAITANELE","INE761A01019"
"KHAITANLTD","INE731C01018"
"KHANDSE","INE060B01014"
"KICL","INE029L01018"
"KILITCH","INE729D01010"
"KINGFA","INE473D01015"
"KIOCL","INE880L01014"
"KIRIINDUS","INE415I01015"
"KIRLOSBROS","INE732A01036"
"KIRLOSENG","INE146L01010"
"KIRLOSIND","INE250A01039"
"KITEX","INE602G01020"
"KKCL","INE401H01017"
"KMSUGAR","INE157H01023"
"KNRCON","INE634I01029"
"KOHINOOR","INE080B01012"
"KOKUYOCMLN","INE760A01029"
"KOLTEPATIL","INE094I01018"
"KOPRAN","INE082A01010"
"KOTAKBANK","INE237A01028"
"KOTARISUG","INE419A01022"
"KOTHARIPET","INE720A01015"
"KOTHARIPRO","INE823A01017"
"KPIT","INE836A01035"
"KPRMILL","INE930H01023"
"KRBL","INE001B01026"
"KREBSBIO","INE268B01013"
"KRIDHANINF","INE524L01026"
"KSBPUMPS","INE999A01015"
"KSCL","INE455I01029"
"KSERASERA","INE216D01026"
"KSK","INE143H01015"
"KSL","INE907A01026"
"KTIL","INE096L01025"
"KTKBANK","INE614B01018"
"KWALITY","INE775B01025"
"L&TFH","INE498L01015"
"LAKPRE","INE651C01018"
"LAKSHMIEFL","INE992B01026"
"LAKSHVILAS","INE694C01018"
"LALPATHLAB","INE600L01024"
"LAMBODHARA","INE112F01022"
"LAOPALA","INE059D01020"
"LAURUSLABS","INE947Q01010"
"LAXMIMACH","INE269B01029"
"LCCINFOTEC","INE938A01021"
"LEEL","INE245C01019"
"LFIC","INE850E01012"
"LGBBROSLTD","INE337A01034"
"LIBERTSHOE","INE557B01019"
"LICHSGFIN","INE115A01026"
"LINCOLN","INE405C01035"
"LINCPEN","INE802B01019"
"LINDEINDIA","INE473A01011"
"LITL","INE785C01048"
"LML","INE862A01015"
"LOKESHMACH","INE397H01017"
"LOTUSEYE","INE947I01017"
"LOVABLE","INE597L01014"
"LPDC","INE197J01017"
"LSIL","INE093R01011"
"LT","INE018A01030"
"LTI","INE214T01019"
"LTTS","INE010V01017"
"LUMAXIND","INE162B01018"
"LUMAXTECH","INE872H01019"
"LUPIN","INE326A01037"
"LUXIND","INE150G01020"
"LYCOS","INE425B01027"
"LYKALABS","INE933A01014"
"LYPSAGEMS","INE142K01011"
"M&M","INE101A01026"
"M&MFIN","INE774D01024"
"MAANALU","INE215I01019"
"MADHAV","INE925C01016"
"MADHUCON","INE378D01032"
"MADRASFERT","INE414A01015"
"MAGMA","INE511C01022"
"MAGNUM","INE387I01016"
"MAHABANK","INE457A01014"
"MAHASTEEL","INE451L01014"
"MAHINDCIE","INE536H01010"
"MAHLIFE","INE813A01018"
"MAHSCOOTER","INE288A01013"
"MAHSEAMLES","INE271B01025"
"MAITHANALL","INE683C01011"
"MAJESCO","INE898S01029"
"MALUPAPER","INE383H01017"
"MALWACOTT","INE272B01015"
"MANAKALUCO","INE859Q01017"
"MANAKCOAT","INE830Q01018"
"MANAKINDST","INE831Q01016"
"MANAKSIA","INE015D01022"
"MANAKSTEEL","INE824Q01011"
"MANALIPETC","INE201A01024"
"MANAPPURAM","INE522D01027"
"MANDHANA","INE087J01010"
"MANGALAM","INE584F01014"
"MANGCHEFER","INE558B01017"
"MANGLMCEM","INE347A01017"
"MANGTIMBER","INE805B01012"
"MANINDS","INE993A01026"
"MANINFRA","INE949H01023"
"MANPASAND","INE122R01018"
"MANUGRAPH","INE867A01022"
"MARALOVER","INE882A01013"
"MARATHON","INE182D01012"
"MARICO","INE196A01026"
"MARKSANS","INE750C01026"
"MARUTI","INE585B01010"
"MASKINVEST","INE885F01015"
"MASTEK","INE759A01021"
"MAWANASUG","INE636A01039"
"MAXINDIA","INE153U01017"
"MAXVIL","INE154U01015"
"MAYURUNIQ","INE040D01038"
"MAZDA","INE885E01034"
"MBECL","INE748A01016"
"MBLINFRA","INE912H01013"
"MCDHOLDING","INE836H01014"
"MCDOWELL-N","INE854D01016"
"MCLEODRUSS","INE942G01012"
"MCX","INE745G01035"
"MEGASOFT","INE933B01012"
"MEGH","INE974H01013"
"MELSTAR","INE817A01019"
"MENONBE","INE071D01033"
"MEP","INE776I01010"
"MERCATOR","INE934B01028"
"MERCK","INE199A01012"
"METALFORGE","INE425A01011"
"METKORE","INE592I01029"
"MFSL","INE180A01020"
"MGL","INE002S01010"
"MHRIL","INE998I01010"
"MIC","INE287C01029"
"MINDACORP","INE842C01021"
"MINDAIND","INE405E01023"
"MINDTECK","INE110B01017"
"MINDTREE","INE018I01017"
"MIRCELECTR","INE831A01028"
"MIRZAINT","INE771A01026"
"MMFL","INE227C01017"
"MMTC","INE123F01029"
"MOHITIND","INE954E01012"
"MOIL","INE490G01020"
"MOLDTECH","INE835B01035"
"MOLDTKPAC","INE893J01029"
"MONNETISPA","INE743C01013"
"MONSANTO","INE274B01011"
"MONTECARLO","INE950M01013"
"MORARJEE","INE161G01027"
"MOREPENLAB","INE083A01026"
"MOSERBAER","INE739A01015"
"MOTHERSUMI","INE775A01035"
"MOTILALOFS","INE338I01027"
"MOTOGENFIN","INE861B01015"
"MPHASIS","INE356A01018"
"MPSLTD","INE943D01017"
"MRF","INE883A01011"
"MRO-TEK","INE398B01018"
"MRPL","INE103A01014"
"MSPL","INE752G01015"
"MTEDUCARE","INE472M01018"
"MTNL","INE153A01019"
"MUKANDENGG","INE022B01014"
"MUKANDLTD","INE304A01026"
"MUKTAARTS","INE374B01019"
"MUNJALAU","INE672B01032"
"MUNJALSHOW","INE577A01027"
"MURUDCERA","INE692B01014"
"MUTHOOTCAP","INE296G01013"
"MUTHOOTFIN","INE414G01012"
"MVL","INE744I01034"
"NAGAAGRI","INE295D01020"
"NAGAFERT","INE454M01024"
"NAGAROIL","INE453M01018"
"NAGREEKCAP","INE245I01016"
"NAGREEKEXP","INE123B01028"
"NAHARCAP","INE049I01012"
"NAHARINDUS","INE289A01011"
"NAHARPOLY","INE308A01027"
"NAHARSPING","INE290A01027"
"NAKODA","INE559B01023"
"NATCOPHARM","INE987B01026"
"NATHBIOGEN","INE448G01010"
"NATIONALUM","INE139A01034"
"NATNLSTEEL","INE088B01015"
"NAUKRI","INE663F01024"
"NAVINFLUOR","INE048G01018"
"NAVKARCORP","INE278M01019"
"NAVNETEDUL","INE060A01024"
"NBCC","INE095N01023"
"NBIFIN","INE365I01012"
"NBVENTURES","INE725A01022"
"NCC","INE868B01028"
"NCLIND","INE732C01016"
"NDGL","INE756C01015"
"NDL","INE875G01030"
"NDTV","INE155G01029"
"NECCLTD","INE553C01016"
"NECLIFE","INE023H01027"
"NELCAST","INE189I01024"
"NELCO","INE045B01015"
"NESCO","INE317F01027"
"NESTLEIND","INE239A01016"
"NET4","INE553E01012"
"NETWORK18","INE870H01013"
"NEULANDLAB","INE794A01010"
"NEXTMEDIA","INE747B01016"
"NFL","INE870D01012"
"NH","INE410P01011"
"NHPC","INE848E01016"
"NIBL","INE047O01014"
"NICCO","INE241C01026"
"NIITLTD","INE161A01038"
"NIITTECH","INE591G01017"
"NILAINFRA","INE937C01029"
"NILKAMAL","INE310A01015"
"NIPPOBATRY","INE567A01010"
"NIRAJISPAT","INE326T01011"
"NITCO","INE858F01012"
"NITESHEST","INE639K01016"
"NITINFIRE","INE489H01020"
"NITINSPIN","INE229H01012"
"NKIND","INE542C01019"
"NLCINDIA","INE589A01014"
"NMDC","INE584A01023"
"NOCIL","INE163A01018"
"NOESISIND","INE141B01020"
"NOIDATOLL","INE781B01015"
"NORBTEAEXP","INE369C01017"
"NRAIL","INE740D01017"
"NRBBEARING","INE349A01021"
"NSIL","INE023A01030"
"NTL","INE333I01036"
"NTPC","INE733E01010"
"NUCLEUS","INE096B01018"
"NUTEK","INE318J01027"
"OBEROIRLTY","INE093I01010"
"OCCL","INE321D01016"
"OCL","INE290B01025"
"OFSS","INE881D01027"
"OIL","INE274J01014"
"OILCOUNTUB","INE591A01010"
"OISL","INE196J01019"
"OMAXAUTO","INE090B01011"
"OMAXE","INE800H01010"
"OMKARCHEM","INE474L01016"
"OMMETALS","INE239D01028"
"ONELIFECAP","INE912L01015"
"ONGC","INE213A01029"
"ONMOBILE","INE809I01019"
"ONWARDTEC","INE229A01017"
"OPTOCIRCUI","INE808B01016"
"ORBITCORP","INE628H01015"
"ORBTEXP","INE231G01010"
"ORCHIDPHAR","INE191A01019"
"ORICONENT","INE730A01022"
"ORIENTABRA","INE569C01020"
"ORIENTALTL","INE998H01012"
"ORIENTBANK","INE141A01014"
"ORIENTBELL","INE607D01018"
"ORIENTCEM","INE876N01018"
"ORIENTHOT","INE750A01020"
"ORIENTLTD","INE609C01024"
"ORIENTPPR","INE592A01026"
"ORIENTREF","INE743M01012"
"ORISSAMINE","INE725E01024"
"ORTEL","INE849L01019"
"ORTINLABSS","INE749B01012"
"PAEL","INE766A01018"
"PAGEIND","INE761H01022"
"PALREDTEC","INE218G01033"
"PANACEABIO","INE922B01023"
"PANAMAPET","INE305C01029"
"PANORAMUNI","INE194B01029"
"PAPERPROD","INE275B01026"
"PARABDRUGS","INE618H01016"
"PARACABLES","INE074B01023"
"PARAGMILK","INE883N01014"
"PARSVNATH","INE561H01026"
"PATELENG","INE244B01030"
"PATINTLOG","INE529D01014"
"PATSPINLTD","INE790C01014"
"PBAINFRA","INE160H01019"
"PCJEWELLER","INE785M01013"
"PDMJEPAPER","INE865T01018"
"PDPL","INE904D01019"
"PDSMFL","INE111Q01013"
"PDUMJEIND","INE105C01023"
"PDUMJEPULP","INE606A01024"
"PEARLPOLY","INE844A01013"
"PEL","INE140A01024"
"PENIND","INE932A01024"
"PENINLAND","INE138A01028"
"PENPEBS","INE455O01019"
"PERSISTENT","INE262H01013"
"PETRONENGG","INE742A01019"
"PETRONET","INE347G01014"
"PFC","INE134E01011"
"PFIZER","INE182A01018"
"PFOCUS","INE367G01038"
"PFS","INE560K01014"
"PGEL","INE457L01011"
"PGHH","INE179A01014"
"PGIL","INE940H01014"
"PHILIPCARB","INE602A01015"
"PHOENIXLL","INE455B01016"
"PHOENIXLTD","INE211B01039"
"PIDILITIND","INE318A01026"
"PIIND","INE603J01030"
"PILANIINVS","INE417C01014"
"PILITA","INE600A01035"
"PINCON","INE675G01018"
"PIONDIST","INE889E01010"
"PIONEEREMB","INE156C01018"
"PIRPHYTO","INE122J01015"
"PITTILAM","INE450D01021"
"PKTEA","INE431F01018"
"PLASTIBLEN","INE083C01022"
"PNB","INE160A01022"
"PNBGILTS","INE859A01011"
"PNBHOUSING","INE572E01012"
"PNC","INE392B01011"
"PNCINFRA","INE195J01029"
"POCHIRAJU","INE332G01032"
"PODDARHOUS","INE888B01018"
"PODDARMENT","INE371C01013"
"POKARNA","INE637C01017"
"POLARIS","INE763A01023"
"POLYMED","INE205C01021"
"POLYPLEX","INE633B01018"
"PONNIERODE","INE838E01017"
"POWERGRID","INE752E01010"
"POWERMECH","INE211R01019"
"PPAP","INE095I01015"
"PRABHAT","INE302M01033"
"PRADIP","INE495J01015"
"PRAENG","INE505C01016"
"PRAJIND","INE074A01025"
"PRAKASH","INE603A01013"
"PRAKASHCON","INE023M01027"
"PRAKASHSTL","INE696K01024"
"PRATIBHA","INE308H01022"
"PRECAM","INE484I01029"
"PRECOT","INE283A01014"
"PRECWIRE","INE372C01029"
"PREMEXPLN","INE863B01011"
"PREMIER","INE342A01018"
"PREMIERPOL","INE309M01012"
"PRESSMN","INE980A01023"
"PRESTIGE","INE811K01011"
"PRICOLLTD","INE726V01018"
"PRIMESECU","INE032B01021"
"PRISMCEM","INE010A01011"
"PROVOGE","INE968G01033"
"PROZONINTU","INE195N01013"
"PSB","INE608A01012"
"PSL","INE474B01017"
"PSPPROJECT","INE488V01015"
"PTC","INE877F01012"
"PTL","INE034D01031"
"PUNJABCHEM","INE277B01014"
"PUNJLLOYD","INE701B01021"
"PURVA","INE323I01011"
"PVP","INE362A01016"
"PVR","INE191H01014"
"QUESS","INE615P01015"
"QUICKHEAL","INE306L01010"
"QUINTEGRA","INE033B01011"
"RADAAN","INE874F01027"
"RADICO","INE944F01028"
"RADIOCITY","INE919I01016"
"RAIN","INE855B01025"
"RAINBOWPAP","INE028D01025"
"RAIREKMOH","INE313D01013"
"RAJESHEXPO","INE343B01030"
"RAJOIL","INE294G01018"
"RAJRAYON","INE533D01024"
"RAJSREESUG","INE562B01019"
"RAJTV","INE952H01027"
"RAJVIR","INE011H01014"
"RALLIS","INE613A01020"
"RAMANEWS","INE278B01020"
"RAMASTEEL","INE230R01027"
"RAMCOCEM","INE331A01037"
"RAMCOIND","INE614A01028"
"RAMCOSYS","INE246B01019"
"RAMKY","INE874I01013"
"RAMSARUP","INE005D01015"
"RANASUG","INE625B01014"
"RANEENGINE","INE222J01013"
"RANEHOLDIN","INE384A01010"
"RASOYPR","INE904G01038"
"RATNAMANI","INE703B01027"
"RAYMOND","INE301A01014"
"RBL","INE244J01017"
"RBLBANK","INE976G01028"
"RCF","INE027A01015"
"RCOM","INE330H01018"
"RDEL","INE542F01012"
"RECLTD","INE020B01018"
"REDINGTON","INE891D01026"
"REFEX","INE056I01017"
"REGENCERAM","INE277C01012"
"REIAGROLTD","INE385B01031"
"RELAXO","INE131B01039"
"RELCAPITAL","INE013A01015"
"RELIANCE","INE002A01018"
"RELIGARE","INE621H01010"
"RELINFRA","INE036A01016"
"REMSONSIND","INE474C01015"
"RENUKA","INE087H01022"
"REPCOHOME","INE612J01015"
"REPRO","INE461B01014"
"RESPONIND","INE688D01026"
"REVATHI","INE617A01013"
"RICOAUTO","INE209B01025"
"RIIL","INE046A01015"
"RJL","INE722H01016"
"RKDL","INE722J01012"
"RKFORGE","INE399G01015"
"RMCL","INE172H01014"
"RML","INE050H01012"
"ROHITFERRO","INE248H01012"
"ROHLTD","INE283H01019"
"ROLLT","INE927A01040"
"ROLTA","INE293A01013"
"ROSSELLIND","INE847C01020"
"RPGLIFE","INE105J01010"
"RPOWER","INE614G01033"
"RPPINFRA","INE324L01013"
"RSSOFTWARE","INE165B01029"
"RSWM","INE611A01016"
"RSYSTEMS","INE411H01032"
"RTNINFRA","INE834M01019"
"RTNPOWER","INE399K01017"
"RUBYMILLS","INE301D01026"
"RUCHINFRA","INE413B01023"
"RUCHIRA","INE803H01014"
"RUCHISOYA","INE619A01027"
"RUPA","INE895B01021"
"RUSHIL","INE573K01017"
"SABEVENTS","INE860T01019"
"SABTN","INE416A01036"
"SADBHAV","INE226H01026"
"SADBHIN","INE764L01010"
"SAGCEM","INE229C01013"
"SAIL","INE114A01011"
"SAKHTISUG","INE623A01011"
"SAKSOFT","INE667G01015"
"SAKUMA","INE190H01016"
"SALONA","INE498E01010"
"SALORAINTL","INE924A01013"
"SALSTEEL","INE658G01014"
"SALZERELEC","INE457F01013"
"SAMBHAAV","INE699B01027"
"SAMTEL","INE381A01016"
"SANCO","INE782L01012"
"SANDESH","INE583B01015"
"SANGAMIND","INE495C01010"
"SANGHIIND","INE999B01013"
"SANGHVIFOR","INE263L01013"
"SANGHVIMOV","INE989A01024"
"SANOFI","INE058A01010"
"SANWARIA","INE890C01046"
"SARDAEN","INE385C01013"
"SAREGAMA","INE979A01017"
"SARLAPOLY","INE453D01025"
"SASKEN","INE231F01020"
"SASTASUNDR","INE019J01013"
"SATHAISPAT","INE176C01016"
"SATIN","INE836B01017"
"SBIN","INE062A01020"
"SCHAND","INE807K01035"
"SCHNEIDER","INE839M01018"
"SCI","INE109A01011"
"SDBL","INE480C01012"
"SEAMECLTD","INE497B01018"
"SEINV","INE420C01042"
"SELAN","INE818A01017"
"SELMCL","INE105I01012"
"SEPOWER","INE735M01018"
"SEQUENT","INE807F01027"
"SERVALL","INE431L01016"
"SESHAPAPER","INE630A01016"
"SETCO","INE878E01021"
"SEZAL","INE955I01036"
"SFL","INE916U01025"
"SGFL","INE883G01018"
"SGL","INE353H01010"
"SHAHALLOYS","INE640C01011"
"SHAKTIPUMP","INE908D01010"
"SHALPAINTS","INE849C01026"
"SHANKARA","INE274V01019"
"SHANTIGEAR","INE631A01022"
"SHARDACROP","INE221J01015"
"SHARDAMOTR","INE597I01010"
"SHARONBIO","INE028B01029"
"SHEMAROO","INE363M01019"
"SHILPAMED","INE790G01031"
"SHILPI","INE510K01019"
"SHIRPUR-G","INE196B01016"
"SHIVAMAUTO","INE637H01024"
"SHIVTEX","INE705C01012"
"SHK","INE500L01026"
"SHOPERSTOP","INE498B01024"
"SHREECEM","INE070A01015"
"SHREEPUSHK","INE712K01011"
"SHREERAMA","INE879A01019"
"SHREYANIND","INE231C01019"
"SHREYAS","INE757B01015"
"SHRIPISTON","INE526E01018"
"SHRIRAMCIT","INE722A01011"
"SHRIRAMEPC","INE964H01014"
"SHYAMCENT","INE979R01011"
"SICAGEN","INE176J01011"
"SICAL","INE075B01012"
"SIEMENS","INE003A01024"
"SIGNET","INE529F01027"
"SIL","INE173A01025"
"SILINV","INE923A01015"
"SIMBHALS","INE748T01016"
"SIMPLEX","INE898F01018"
"SIMPLEXINF","INE059B01024"
"SINTEX","INE429C01035"
"SITASHREE","INE686I01011"
"SITINET","INE965H01011"
"SIYSIL","INE076B01010"
"SJVN","INE002L01015"
"SKFINDIA","INE640A01023"
"SKIL","INE429F01012"
"SKIPPER","INE439E01022"
"SKMEGGPROD","INE411D01015"
"SMARTLINK","INE178C01020"
"SMLISUZU","INE294B01019"
"SMPL","INE215G01021"
"SMSPHARMA","INE812G01025"
"SNOWMAN","INE734N01019"
"SOBHA","INE671H01015"
"SOFTTECHGR","INE863A01013"
"SOLARINDS","INE343H01029"
"SOMANYCERA","INE355A01028"
"SOMATEX","INE314C01013"
"SOMICONVEY","INE323J01019"
"SONASTEER","INE643A01035"
"SONATSOFTW","INE269A01021"
"SORILHOLD","INE126M01010"
"SORILINFRA","INE034H01016"
"SOTL","INE035D01012"
"SOUTHBANK","INE683A01023"
"SPAL","INE212I01016"
"SPARC","INE232I01014"
"SPCENET","INE970N01027"
"SPECIALITY","INE247M01014"
"SPENTEX","INE376C01020"
"SPHEREGSL","INE737B01033"
"SPIC","INE147A01011"
"SPICEMOBI","INE927C01020"
"SPLIL","INE978G01016"
"SPMLINFRA","INE937A01023"
"SPYL","INE268L01020"
"SQSBFSI","INE201K01015"
"SREEL","INE099F01013"
"SREINFRA","INE872A01014"
"SRF","INE647A01010"
"SRGINFOTEC","INE376A01032"
"SRHHYPOLTD","INE917H01012"
"SRIPIPES","INE943C01027"
"SRSLTD","INE219H01039"
"SRTRANSFIN","INE721A01013"
"SSWL","INE802C01017"
"STAMPEDE","INE224E01028"
"STAR","INE939A01011"
"STARCEMENT","INE460H01021"
"STARPAPER","INE733A01018"
"STCINDIA","INE655A01013"
"STEL","INE577L01016"
"STERLINBIO","INE324C01038"
"STERTOOLS","INE334A01023"
"STINDIA","INE090C01019"
"STRTECH","INE089C01029"
"SUBEX","INE754A01014"
"SUBROS","INE287B01021"
"SUDARSCHEM","INE659A01023"
"SUJANAUNI","INE216G01011"
"SUMEETINDS","INE235C01010"
"SUMMITSEC","INE519C01017"
"SUNCLAYLTD","INE105A01035"
"SUNDARAM","INE108E01023"
"SUNDARMFIN","INE660A01013"
"SUNDRMBRAK","INE073D01013"
"SUNDRMFAST","INE387A01021"
"SUNFLAG","INE947A01014"
"SUNILHITEC","INE305H01028"
"SUNPHARMA","INE044A01036"
"SUNTECK","INE805D01026"
"SUNTV","INE424H01027"
"SUPERHOUSE","INE712B01010"
"SUPERSPIN","INE662A01027"
"SUPPETRO","INE663A01017"
"SUPRAJIT","INE399C01030"
"SUPREMEIND","INE195A01028"
"SUPREMEINF","INE550H01011"
"SUPREMETEX","INE651G01027"
"SURANACORP","INE357D01010"
"SURANAIND","INE659D01019"
"SURANASOL","INE272L01022"
"SURANAT&P","INE130B01031"
"SURYALAXMI","INE713B01026"
"SURYAROSNI","INE335A01012"
"SUTLEJTEX","INE645H01019"
"SUVEN","INE495B01038"
"SUZLON","INE040H01021"
"SWANENERGY","INE665A01038"
"SWARAJENG","INE277A01016"
"SWELECTES","INE409B01013"
"SYMPHONY","INE225D01027"
"SYNCOM","INE602K01014"
"SYNDIBANK","INE667A01018"
"SYNGENE","INE398R01022"
"TAINWALCHM","INE123C01018"
"TAJGVK","INE586B01026"
"TAKE","INE142I01023"
"TALBROAUTO","INE187D01011"
"TALWALKARS","INE502K01016"
"TANLA","INE483C01032"
"TANTIACONS","INE388G01018"
"TARAJEWELS","INE799L01016"
"TARAPUR","INE747K01017"
"TARMAT","INE924H01018"
"TASTYBITE","INE488B01017"
"TATACHEM","INE092A01019"
"TATACHEM","INE344201012"
"TATACOFFEE","INE493A01027"
"TATACOMM","INE151A01013"
"TATAELXSI","INE670A01012"
"TATAGLOBAL","INE192A01025"
"TATAINVEST","INE672A01018"
"TATAMETALI","INE056C01010"
"TATAMOTORS","INE155A01022"
"TATAMTRDVR","IN9155A01020"
"TATAPOWER","INE245A01021"
"TATASPONGE","INE674A01014"
"TATASTEEL","INE081A01012"
"TBZ","INE760L01018"
"TCI","INE688A01022"
"TCIDEVELOP","INE662L01016"
"TCIEXP","INE586V01016"
"TCIFINANCE","INE911B01018"
"TCS","INE467B01029"
"TDPOWERSYS","INE419M01019"
"TEAMLEASE","INE985S01024"
"TECHIN","INE778A01021"
"TECHM","INE669C01036"
"TECHNO","INE286K01024"
"TECHNOFAB","INE509K01011"
"TERASOFT","INE482B01010"
"TEXINFRA","INE435C01024"
"TEXMOPIPES","INE141K01013"
"TEXRAIL","INE621L01012"
"TFCILTD","INE305A01015"
"TFL","INE804H01012"
"TGBHOTELS","INE797H01018"
"THANGAMAYL","INE085J01014"
"THEMISMED","INE083B01016"
"THERMAX","INE152A01029"
"THIRUSUGAR","INE409A01015"
"THOMASCOOK","INE332A01027"
"THOMASCOTT","INE480M01011"
"THYROCARE","INE594H01019"
"TI","INE133E01013"
"TIDEWATER","INE484C01022"
"TIIL","INE545H01011"
"TIJARIA","INE440L01017"
"TIL","INE806C01018"
"TIMESGTY","INE289C01025"
"TIMETECHNO","INE508G01029"
"TIMKEN","INE325A01013"
"TINPLATE","INE422C01014"
"TIPSINDLTD","INE716B01011"
"TIRUMALCHM","INE338A01016"
"TITAN","INE280A01028"
"TMRVL","INE759V01019"
"TNPETRO","INE148A01019"
"TNPL","INE107A01015"
"TNTELE","INE141D01018"
"TODAYS","INE944B01019"
"TOKYOPLAST","INE932C01012"
"TORNTPHARM","INE685A01028"
"TORNTPOWER","INE813H01021"
"TPLPLASTEH","INE413G01014"
"TREEHOUSE","INE040M01013"
"TRENT","INE849A01020"
"TRF","INE391D01019"
"TRIDENT","INE064C01014"
"TRIGYN","INE948A01012"
"TRIL","INE763I01018"
"TRITURBINE","INE152M01016"
"TRIVENI","INE256C01024"
"TTKHLTCARE","INE910C01018"
"TTKPRESTIG","INE690A01010"
"TTL","INE592B01016"
"TTML","INE517B01013"
"TUBEINVEST","INE149A01025"
"TULSI","INE474I01012"
"TV18BRDCST","INE886H01027"
"TVSELECT","INE236G01019"
"TVSMOTOR","INE494B01023"
"TVSSRICHAK","INE421C01016"
"TVTODAY","INE038F01029"
"TVVISION","INE871L01013"
"TWL","INE615H01020"
"UBHOLDINGS","INE696A01025"
"UBL","INE686F01025"
"UCALFUEL","INE139B01016"
"UCOBANK","INE691A01018"
"UFLEX","INE516A01017"
"UFO","INE527H01019"
"UGARSUGAR","INE071E01023"
"UJAAS","INE899L01022"
"UJJIVAN","INE334L01012"
"ULTRACEMCO","INE481G01011"
"UMANGDAIRY","INE864B01027"
"UMESLTD","INE240C01028"
"UNICHEMLAB","INE351A01035"
"UNIENTER","INE037A01022"
"UNIONBANK","INE692A01016"
"UNIPLY","INE950G01015"
"UNITECH","INE694A01020"
"UNITEDBNK","INE695A01019"
"UNITEDTEA","INE458F01011"
"UNITY","INE466H01028"
"UNIVCABLES","INE279A01012"
"UPL","INE628A01036"
"URJA","INE550C01020"
"USHAMART","INE228A01035"
"USHERAGRO","INE235G01011"
"UTTAMSTL","INE699A01011"
"UTTAMSUGAR","INE786F01031"
"UVSL","INE292A01023"
"V2RETAIL","INE945H01013"
"VADILALIND","INE694D01016"
"VAIBHAVGBL","INE884A01019"
"VAKRANGEE","INE051B01021"
"VALUEIND","INE352A01017"
"VARDHACRLC","INE116G01013"
"VARDMNPOLY","INE835A01011"
"VASCONEQ","INE893I01013"
"VASWANI","INE590L01019"
"VBL","INE200M01013"
"VEDL","INE205A01025"
"VENKEYS","INE398A01010"
"VENUSREM","INE411B01019"
"VESUVIUS","INE386A01015"
"VETO","INE918N01018"
"VGUARD","INE951I01027"
"VHL","INE701A01023"
"VICEROY","INE048C01017"
"VIDEOIND","INE703A01011"
"VIDHIING","INE632C01026"
"VIJAYABANK","INE705A01016"
"VIJSHAN","INE806F01011"
"VIKASECO","INE806A01020"
"VIMALOIL","INE067D01015"
"VIMTALABS","INE579C01029"
"VINATIORGA","INE410B01029"
"VINDHYATEL","INE707A01012"
"VINYLINDIA","INE250B01029"
"VIPCLOTHNG","INE450G01024"
"VIPIND","INE054A01027"
"VIPULLTD","INE946H01037"
"VISAKAIND","INE392A01013"
"VISASTEEL","INE286H01012"
"VISESHINFO","INE861A01058"
"VISHNU","INE270I01014"
"VISUINTL","INE965A01016"
"VIVIDHA","INE370E01029"
"VIVIMEDLAB","INE526G01021"
"VLSFINANCE","INE709A01018"
"VMART","INE665J01013"
"VOLTAMP","INE540H01012"
"VOLTAS","INE226A01021"
"VRLLOG","INE366I01010"
"VSSL","INE050M01012"
"VSTIND","INE710A01016"
"VSTTILLERS","INE764D01017"
"VTL","INE825A01012"
"WABAG","INE956G01038"
"WABCOINDIA","INE342J01019"
"WALCHANNAG","INE711A01022"
"WANBURY","INE107F01022"
"WEBELSOLAR","INE855C01015"
"WEIZFOREX","INE726L01019"
"WEIZMANIND","INE080A01014"
"WELCORP","INE191B01025"
"WELENT","INE625G01013"
"WELINV","INE389K01018"
"WELSPUNIND","INE192B01031"
"WENDT","INE274C01019"
"WHEELS","INE715A01015"
"WHIRLPOOL","INE716A01013"
"WILLAMAGOR","INE210A01017"
"WINDMACHIN","INE052A01021"
"WINSOME","INE784B01035"
"WIPL","INE215F01023"
"WIPRO","INE075A01022"
"WOCKPHARMA","INE049B01025"
"WONDERLA","INE066O01014"
"WSI","INE100D01014"
"WSTCSTPAPR","INE976A01021"
"XCHANGING","INE692G01013"
"XLENERGY","INE183H01011"
"XPROINDIA","INE445C01015"
"YESBANK","INE528G01019"
"ZANDUREALT","INE719A01017"
"ZEEL","INE256A01028"
"ZEELEARN","INE565L01011"
"ZEEMEDIA","INE966H01019"
"ZENITHBIR","INE318D01020"
"ZENITHEXPO","INE058B01018"
"ZENSARTECH","INE520A01019"
"ZENTEC","INE251B01027"
"ZICOM","INE871B01014"
"ZODIACLOTH","INE206B01013"
"ZODJRDMKJ","INE077B01018"
"ZUARI","INE840M01016"
"ZUARIGLOB","INE217A01012"
"ZYDUSWELL","INE768C01010"
"ZYLOG","INE225I01026"
