"3IINFOTECH","3IINFOTEC.NS"
"ADVANIHOTR","ADVANIHOT.NS"
"AICHAMP","AICHAMP.NS"
"ALLSEC","ALLSEC.NS"
"ALPHAGEO","ALPHAGEO.NS"
"ALPINEHOU","ALPINEHOU.NS"
"AMARJOTHI","AMARJOTHI.NS"
"AMLSTEEL","AMLSTEEL.NS"
"ANKURDRUGS","ANKURDRUG.NS"
"ANTGRAPHIC","ANTGRAPHI.NS"
"ARIHANT","ARIHANT.NS"
"ARROWTEX","ARROWTEX.NS"
"ASHAPURMIN","ASHAPURMI.NS"
"ASHCONIUL","ASHCONIUL.NS"
"ASHIMASYN","ASHIMASYN.NS"
"ASIANELEC","ASIANELEC.NS"
"ASIL","ASIL.NS"
"AUSOMENT","AUSOMENT.NS"
"AUSTRAL","AUSTRAL.NS"
"BAGFILMS","BAGFILMS.NS"
"BANARBEADS","BANARBEAD.NS"
"BANG","BANG.NS"
"BEARDSELL","BEARDSELL.NS"
"BEDMUTHA","BEDMUTHA.NS"
"BILPOWER","BILPOWER.NS"
"BIRLACOT","BIRLACOT.NS"
"BLBLIMITED","BLBLIMITE.NS"
"BLUECOAST","BLUECOAST.NS"
"BODALCHEM","BODALCHEM.NS"
"BODHTREE","BODHTREE.NS"
"BROOKS","BROOKS.NS"
"CALSOFT","CALSOFT.NS"
"CCCL","CCCL.NS"
"CELESTIAL","CELESTIAL.NS"
"CHESLINTEX","CHESLINTE.NS"
"CINEVISTA","CINEVISTA.NS"
"CLUTCHAUTO","CLUTCHAUT.NS"
"COROENGG","COROENGG.NS"
"CURATECH","CURATECH.NS"
"CYBERMEDIA","CYBERMEDI.NS"
"DBREALTY","DBREALTY.NS"
"DECOLIGHT","DECOLIGHT.NS"
"DELTAMAGNT","DELTAMAGN.NS"
"DHANUS","DHANUS.NS"
"DHUNINV","DHUNINV.NS"
"DSSL","DSSL.NS"
"DWARKESH","DWARKESH.NS"
"EDSERV","EDSERV.NS"
"ELECTHERM","ELECTHERM.NS"
"ELNET","ELNET.NS"
"EMAMIINFRA","EMAMIINFR.NS"
"EMKAY","EMKAY.NS"
"EMPEESUG","EMPEESUG.NS"
"ENTEGRA","ENTEGRA.NS"
"EUROCERA","EUROCERA.NS"
"FCSSOFT","FCSSOFT.NS"
"GANGOTRI","GANGOTRI.NS"
"GISOLUTION","GISOLUTIO.NS"
"GKWLIMITED","GKWLIMITE.NS"
"GLFL","GLFL.NS"
"GUFICBIO","GUFICBIO.NS"
"GUJSTATFIN","GUJSTATFI.NS"
"HBLPOWER","HBLPOWER.NS"
"HINDMOTORS","HINDMOTOR.NS"
"HINDSYNTEX","HINDSYNTE.NS"
"HITACHIHOM","HITACHIHO.NS"
"HOTELRUGBY","HOTELRUGB.NS"
"IBSEC","IBSEC.NS"
"IITL","IITL.NS"
"INDOSOLAR","INDOSOLAR.NS"
"INFINITE","INFINITE.NS"
"INFODRIVE","INFODRIVE.NS"
"IOLN","IOLN.NS"
"JAIBALAJI","JAIBALAJI.NS"
"JCTEL","JCTEL.NS"
"JDORGOCHEM","JDORGOCHE.NS"
"JEYPORE","JEYPORE.NS"
"JUPITER","JUPITER.NS"
"KALYANIFRG","KALYANIFR.NS"
"KANANIIND","KANANIIND.NS"
"KANDAGIRI","KANDAGIRI.NS"
"KARMAENG","KARMAENG.NS"
"KARURKCP","KARURKCP.NS"
"KAUSHALYA","KAUSHALYA.NS"
"KESARENT","KESARENT.NS"
"KEYCORPSER","KEYCORPSE.NS"
"KHAITANLTD","KHAITANLT.NS"
"KIRIINDUS","KIRIINDUS.NS"
"KLGSYSTEL","KLGSYSTEL.NS"
"KOPDRUGS","KOPDRUGS.NS"
"KOTARISUG","KOTARISUG.NS"
"KOVAI","KOVAI.NS"
"KTIL","KTIL.NS"
"LAKSHMIFIN","LAKSHMIFI.NS"
"LIBERTSHOE","LIBERTSHO.NS"
"LIQUIDBEES","LIQUIDBEE.NS"
"LLOYDSTEEL","LLOYDSTEE.NS"
"LYKALABS","LYKALABS.NS"
"MAANALU","MAANALU.NS"
"MALWACOTT","MALWACOTT.NS"
"MARKSANS","MARKSANS.NS"
"MAWANASUG","MAWANASUG.NS"
"MBSWITCH","MBSWITCH.NS"
"MCDHOLDING","MCDHOLDIN.NS"
"MELSTAR","MELSTAR.NS"
"MINDACORP","MINDACORP.NS"
"MORARJETEX","MORARJETE.NS"
"NAGREEKCAP","NAGREEKCA.NS"
"NCOPPER","NCOPPER.NS"
"NEOCURE","NEOCURE.NS"
"NOL","NOL.NS"
"NOVOPANIND","NOVOPANIN.NS"
"NUCENT","NUCENT.NS"
"OSWALMIN","OSWALMIN.NS"
"OUDHSUG","OUDHSUG.NS"
"PANCHSHEEL","PANCHSHEE.NS"
"PARRYSUGAR","PARRYSUGA.NS"
"PATSPINLTD","PATSPINLT.NS"
"PEARLPOLY","PEARLPOLY.NS"
"PILANIINV","PILANIINV.NS"
"PIRLIFE","PIRLIFE.NS"
"PRAENG","PRAENG.NS"
"PRITHVISOF","PRITHVISO.NS"
"PVP","PVP.NS"
"QUINTEGRA","QUINTEGRA.NS"
"RAIREKMOH","RAIREKMOH.NS"
"RAJSREESUG","RAJSREESU.NS"
"RAMKY","RAMKY.NS"
"RANASUG","RANASUG.NS"
"RANKLIN","RANKLIN.NS"
"REGENCERAM","REGENCERA.NS"
"REISIXTEN","REISIXTEN.NS"
"REMSONSIND","REMSONSIN.NS"
"RMMIL","RMMIL.NS"
"RPGLIFE","RPGLIFE.NS"
"RSWM","RSWM.NS"
"SABERORGAN","SABERORGA.NS"
"SAKHTISUG","SAKHTISUG.NS"
"SAKTHIFIN","SAKTHIFIN.NS"
"SALONACOT","SALONACOT.NS"
"SAMBHAAV","SAMBHAAV.NS"
"SAMTEL","SAMTEL.NS"
"SARTHAKIND","SARTHAKIN.NS"
"SEZAL","SEZAL.NS"
"SGFL","SGFL.NS"
"SGL","SGL.NS"
"SHAHALLOYS","SHAHALLOY.NS"
"SHALPAINTS","SHALPAINT.NS"
"SHANTIGEAR","SHANTIGEA.NS"
"SHREYANIND","SHREYANIN.NS"
"SHREYAS","SHREYAS.NS"
"SHRINATRAJ","SHRINATRA.NS"
"SIL","SIL.NS"
"SIMBHSUGAR","SIMBHSUGA.NS"
"SOMATEX","SOMATEX.NS"
"SPENTEX","SPENTEX.NS"
"SPLIL","SPLIL.NS"
"SRGINFOTEC","SRGINFOTE.NS"
"SRICHAMUND","SRICHAMUN.NS"
"STERLINBIO","STERLINBI.NS"
"STINDIA","STINDIA.NS"
"SUPERSPIN","SUPERSPIN.NS"
"SUPREMETEX","SUPREMETE.NS"
"SURANACORP","SURANACOR.NS"
"SURYAPHARM","SURYAPHAR.NS"
"TAINWALCHM","TAINWALCH.NS"
"TAKE","TAKE.NS"
"TAKSHEEL","TAKSHEEL.NS"
"TARAPUR","TARAPUR.NS"
"TCPLTD","TCPLTD.NS"
"TELEDATAIT","TELEDATAI.NS"
"TEXMOPIPES","TEXMOPIPE.NS"
"THIRUSUGAR","THIRUSUGA.NS"
"TIMESGTY","TIMESGTY.NS"
"TNTELE","TNTELE.NS"
"TRICOM","TRICOM.NS"
"TTL","TTL.NS"
"UMESLTD","UMESLTD.NS"
"UNIPLY","UNIPLY.NS"
"UNITEDTEA","UNITEDTEA.NS"
"UPERGANGES","UPERGANGE.NS"
"UTTAMSUGAR","UTTAMSUGA.NS"
"V2RETAIL","V2RETAIL.NS"
"VARDMNPOLY","VARDMNPOL.NS"
"VARUN","VARUN.NS"
"VIMTALABS","VIMTALABS.NS"
"VINYLINDIA","VINYLINDI.NS"
"VKSPL","VKSPL.NS"
"VTMLTD","VTMLTD.NS"
"WALCHANNAG","WALCHANNA.NS"
"WEBELSOLAR","WEBELSOLA.NS"
"WEIZFOREX","WEIZFOREX.NS"
"WELGLOB","WELGLOB.NS"
"WELPROJ","WELPROJ.NS"
"ZEENEWS","ZEENEWS.NS"
"ZENITHEXPO","ZENITHEXP.NS"
"AKSHOPTFBR","AKSHOPTFB.NS"
"ANGIND","ANGIND.NS"
"ARCHIDPLY","ARCHIDPLY.NS"
"AROGRANITE","AROGRANIT.NS"
"ARSSINFRA","ARSSINFRA.NS"
"ASIANTILES","ASIANTILE.NS"
"ATLASCYCLE","ATLASCYCL.NS"
"BECREL","BECREL.NS"
"BGLOBAL","BGLOBAL.NS"
"BHARATGEAR","BHARATGEA.NS"
"BILENERGY","BILENERGY.NS"
"BINDALAGRO","BINDALAGR.NS"
"BROADCAST","BROADCAST.NS"
"BSL","BSL.NS"
"BVCL","BVCL.NS"
"CELEBRITY","CELEBRITY.NS"
"CTE","CTE.NS"
"CUBEXTUB","CUBEXTUB.NS"
"DCM","DCM.NS"
"EASUNREYRL","EASUNREYR.NS"
"FAME","FAME.NS"
"FARMAXIND","FARMAXIND.NS"
"GKB","GKB.NS"
"GOLDENTOBC","GOLDENTOB.NS"
"GTNIND","GTNIND.NS"
"GTNTEX","GTNTEX.NS"
"HALONIX","HALONIX.NS"
"HBSTOCK","HBSTOCK.NS"
"HEXATRADEX","HEXATRADE.NS"
"HILTON","HILTON.NS"
"HINDDORROL","HINDDORRO.NS"
"IBWSL","IBWSL.NS"
"ICIL","ICIL.NS"
"IFBAGRO","IFBAGRO.NS"
"IGPL","IGPL.NS"
"IMPEXFERRO","IMPEXFERR.NS"
"INDIANCARD","INDIANCAR.NS"
"INVENTURE","INVENTURE.NS"
"IVP","IVP.NS"
"IVRCLAH","IVRCLAH.NS"
"JAINSTUDIO","JAINSTUDI.NS"
"JIKIND","JIKIND.NS"
"JINDWORLD","JINDWORLD.NS"
"JUMBO","JUMBO.NS"
"KAKATCEM","KAKATCEM.NS"
"KHANDSE","KHANDSE.NS"
"KITPLYIND","KITPLYIND.NS"
"KLRF","KLRF.NS"
"KRISHNAENG","KRISHNAEN.NS"
"KRITIIND","KRITIIND.NS"
"KSK","KSK.NS"
"LUMAXAUTO","LUMAXAUTO.NS"
"MAITHANALL","MAITHANAL.NS"
"MALUPAPER","MALUPAPER.NS"
"MANAPPURAM","MANAPPURA.NS"
"MANGLMCEM","MANGLMCEM.NS"
"MARALOVER","MARALOVER.NS"
"MUDRA","MUDRA.NS"
"MUNJALAU","MUNJALAU.NS"
"NCLIND","NCLIND.NS"
"NEHAINT","NEHAINT.NS"
"NEOCORP","NEOCORP.NS"
"NEULANDLAB","NEULANDLA.NS"
"NSIL","NSIL.NS"
"NUTEK","NUTEK.NS"
"PANASONIC","PANASONIC.NS"
"PARAL","PARAL.NS"
"PBAINFRA","PBAINFRA.NS"
"PDUMJEIND","PDUMJEIND.NS"
"PEACOCKIND","PEACOCKIN.NS"
"PERIATEA","PERIATEA.NS"
"PGEL","PGEL.NS"
"PGIL","PGIL.NS"
"PIONDIST","PIONDIST.NS"
"PIONEEREMB","PIONEEREM.NS"
"POLARIND","POLARIND.NS"
"PRICOL","PRICOL.NS"
"PROVOGE","PROVOGE.NS"
"RAJRAYON","RAJRAYON.NS"
"RASOYPR","RASOYPR.NS"
"REFEX","REFEX.NS"
"RSSOFTWARE","RSSOFTWAR.NS"
"SANWARIA","SANWARIA.NS"
"SELMCL","SELMCL.NS"
"SHILPI","SHILPI.NS"
"SHIVAMAUTO","SHIVAMAUT.NS"
"SHIVTEX","SHIVTEX.NS"
"SMOBILITY","SMOBILITY.NS"
"SPYL","SPYL.NS"
"SRHHYPOLTD","SRHHYPOLT.NS"
"STARPAPER","STARPAPER.NS"
"STOREONE","STOREONE.NS"
"SUJANATOW","SUJANATOW.NS"
"SURYAJYOTI","SURYAJYOT.NS"
"SWELECTES","SWELECTES.NS"
"TANFACIND","TANFACIND.NS"
"TCIFINANCE","TCIFINANC.NS"
"TFL","TFL.NS"
"THINKSOFT","THINKSOFT.NS"
"THOMASCOTT","THOMASCOT.NS"
"TIRUMALCHM","TIRUMALCH.NS"
"VICEROY","VICEROY.NS"
"VIJSHAN","VIJSHAN.NS"
"VLSFINANCE","VLSFINANC.NS"
"WANBURY","WANBURY.NS"
"WEIZMANIND","WEIZMANIN.NS"
"WELINV","WELINV.NS"
"WELSPUNIND","WELSPUNIN.NS"
"WINDMACHIN","WINDMACHI.NS"
"WINSOME","WINSOME.NS"
"WSI","WSI.NS"
"WWIL","WWIL.NS"
"ZEELEARN","ZEELEARN.NS"
"ZENITHCOMP","ZENITHCOM.NS"
"ZODJRDMKJ","ZODJRDMKJ.NS"
"20MICRONS","20MICRONS.NS"
"3MINDIA","3MINDIA.NS"
"A2ZMES","A2ZMES.NS"
"AANJANEYA","AANJANEYA.NS"
"AARTIDRUGS","AARTIDRUG.NS"
"AARTIIND","AARTIIND.NS"
"AARVEEDEN","AARVEEDEN.NS"
"ABBOTINDIA","ABBOTINDI.NS"
"ABCIL","ABCIL.NS"
"ABGSHIP","ABGSHIP.NS"
"ABHISHEK","ABHISHEK.NS"
"ACE","ACE.NS"
"ACROPETAL","ACROPETAL.NS"
"ADFFOODS","ADFFOODS.NS"
"ADHUNIK","ADHUNIK.NS"
"ADORWELD","ADORWELD.NS"
"ADSL","ADSL.NS"
"ADVANTA","ADVANTA.NS"
"AEGISCHEM","AEGISCHEM.NS"
"AFL","AFL.NS"
"AFTEK","AFTEK.NS"
"AGCNET","AGCNET.NS"
"AGRODUTCH","AGRODUTCH.NS"
"AHLEAST","AHLEAST.NS"
"AHLUCONT","AHLUCONT.NS"
"AHLWEST","AHLWEST.NS"
"AHMEDFORGE","AHMEDFORG.NS"
"AIAENG","AIAENG.NS"
"AJANTPHARM","AJANTPHAR.NS"
"AJMERA","AJMERA.NS"
"AKZOINDIA","AKZOINDIA.NS"
"ALCHEM","ALCHEM.NS"
"ALEMBICLTD","ALEMBICLT.NS"
"ALICON","ALICON.NS"
"ALKALI","ALKALI.NS"
"ALKYLAMINE","ALKYLAMIN.NS"
"ALLCARGO","ALLCARGO.NS"
"ALMONDZ","ALMONDZ.NS"
"ALPA","ALPA.NS"
"ALPSINDUS","ALPSINDUS.NS"
"ALSTOMT&D","ALSTOMT&D.NS"
"AMAR","AMAR.NS"
"AMARAJABAT","AMARAJABA.NS"
"AMBIKCO","AMBIKCO.NS"
"AMDIND","AMDIND.NS"
"AMRUTANJAN","AMRUTANJA.NS"
"AMTEKAUTO","AMTEKAUTO.NS"
"AMTEKINDIA","AMTEKINDI.NS"
"ANANTRAJ","ANANTRAJ.NS"
"ANDHRACEMT","ANDHRACEM.NS"
"ANDHRSUGAR","ANDHRSUGA.NS"
"ANIKINDS","ANIKINDS.NS"
"ANSALAPI","ANSALAPI.NS"
"ANSALHSG","ANSALHSG.NS"
"APARINDS","APARINDS.NS"
"APCOTEXIND","APCOTEXIN.NS"
"APLAB","APLAB.NS"
"APLAPOLLO","APLAPOLLO.NS"
"APLLTD","APLLTD.NS"
"APOLLOHOSP","APOLLOHOS.NS"
"APPAPER","APPAPER.NS"
"APTECHT","APTECHT.NS"
"AQUA","AQUA.NS"
"ARCHIES","ARCHIES.NS"
"ARIES","ARIES.NS"
"ARSHIYA","ARSHIYA.NS"
"ARVINDREM","ARVINDREM.NS"
"ASAHIINDIA","ASAHIINDI.NS"
"ASAHISONG","ASAHISONG.NS"
"ASAL","ASAL.NS"
"ASHIANA","ASHIANA.NS"
"ASHOKA","ASHOKA.NS"
"ASIANHOTNR","ASIANHOTN.NS"
"ASSAMCO","ASSAMCO.NS"
"ASTEC","ASTEC.NS"
"ASTERSILI","ASTERSILI.NS"
"ASTRAL","ASTRAL.NS"
"ASTRAMICRO","ASTRAMICR.NS"
"ASTRAZEN","ASTRAZEN.NS"
"ATFL","ATFL.NS"
"ATLANTA","ATLANTA.NS"
"ATNINTER","ATNINTER.NS"
"ATUL","ATUL.NS"
"AURIONPRO","AURIONPRO.NS"
"AUTOAXLES","AUTOAXLES.NS"
"AUTOIND","AUTOIND.NS"
"AUTOLITIND","AUTOLITIN.NS"
"AVANTI","AVANTI.NS"
"AVTNPL","AVTNPL.NS"
"AXISGOLD","AXISGOLD.NS"
"AXIS-IT&T","AXIS-IT&T.NS"
"BAJAJCORP","BAJAJCORP.NS"
"BAJAJELEC","BAJAJELEC.NS"
"BAJAJFINSV","BAJAJFINS.NS"
"BAJFINANCE","BAJFINANC.NS"
"BALAJITELE","BALAJITEL.NS"
"BALAMINES","BALAMINES.NS"
"BALKRISIND","BALKRISIN.NS"
"BALLARPUR","BALLARPUR.NS"
"BALMLAWRIE","BALMLAWRI.NS"
"BALPHARMA","BALPHARMA.NS"
"BANARISUG","BANARISUG.NS"
"BANCOINDIA","BANCOINDI.NS"
"BANKBEES","BANKBEES.NS"
"BANSWRAS","BANSWRAS.NS"
"BARTRONICS","BARTRONIC.NS"
"BASF","BASF.NS"
"BASML","BASML.NS"
"BAYERCROP","BAYERCROP.NS"
"BBL","BBL.NS"
"BBTC","BBTC.NS"
"BEPL","BEPL.NS"
"BERGEPAINT","BERGEPAIN.NS"
"BFINVEST","BFINVEST.NS"
"BHAGWATIHO","BHAGWATIH.NS"
"BHAGYNAGAR","BHAGYNAGA.NS"
"BHARATFORG","BHARATFOR.NS"
"BHARATRAS","BHARATRAS.NS"
"BHARTISHIP","BHARTISHI.NS"
"BIL","BIL.NS"
"BIMETAL","BIMETAL.NS"
"BINANIIND","BINANIIND.NS"
"BIRLACORPN","BIRLACORP.NS"
"BIRLAERIC","BIRLAERIC.NS"
"BIRLAMONEY","BIRLAMONE.NS"
"BIRLAPOWER","BIRLAPOWE.NS"
"BLISSGVS","BLISSGVS.NS"
"BLKASHYAP","BLKASHYAP.NS"
"BLUECHIP","BLUECHIP.NS"
"BLUEDART","BLUEDART.NS"
"BLUESTARCO","BLUESTARC.NS"
"BLUESTINFO","BLUESTINF.NS"
"BOC","BOC.NS"
"BPL","BPL.NS"
"BRANDHOUSE","BRANDHOUS.NS"
"BRFL","BRFL.NS"
"BRIGADE","BRIGADE.NS"
"BRITANNIA","BRITANNIA.NS"
"BSELINFRA","BSELINFRA.NS"
"BSLGOLDETF","BSLGOLDET.NS"
"BSLNIFTY","BSLNIFTY.NS"
"BSTRANSCOM","BSTRANSCO.NS"
"BURNPUR","BURNPUR.NS"
"CADILAHC","CADILAHC.NS"
"CANDC","CANDC.NS"
"CANFINHOME","CANFINHOM.NS"
"CANTABIL","CANTABIL.NS"
"CARBORUNIV","CARBORUNI.NS"
"CAREERP","CAREERP.NS"
"CASTROL","CASTROL.NS"
"CCL","CCL.NS"
"CEATLTD","CEATLTD.NS"
"CEBBCO","CEBBCO.NS"
"CENTENKA","CENTENKA.NS"
"CENTEXT","CENTEXT.NS"
"CENTUM","CENTUM.NS"
"CENTURYPLY","CENTURYPL.NS"
"CERA","CERA.NS"
"CHEMFALKAL","CHEMFALKA.NS"
"CHENNPETRO","CHENNPETR.NS"
"CHETTINAD","CHETTINAD.NS"
"CHOLAFIN","CHOLAFIN.NS"
"CHROMATIC","CHROMATIC.NS"
"CILNOVA","CILNOVA.NS"
"CIMMCO","CIMMCO.NS"
"CINEPRO","CINEPRO.NS"
"CLASSIC","CLASSIC.NS"
"CLNINDIA","CLNINDIA.NS"
"CMAHENDRA","CMAHENDRA.NS"
"COMPUAGE","COMPUAGE.NS"
"COMPUSOFT","COMPUSOFT.NS"
"CONCOR","CONCOR.NS"
"CONSOFINVT","CONSOFINV.NS"
"CORDSCABLE","CORDSCABL.NS"
"COROMANDEL","COROMANDE.NS"
"CORPBANK","CORPBANK.NS"
"COSMOFILMS","COSMOFILM.NS"
"COX&KINGS","COX&KINGS.NS"
"CREATIVEYE","CREATIVEY.NS"
"CRESTANI","CRESTANI.NS"
"CREWBOS","CREWBOS.NS"
"CRISIL","CRISIL.NS"
"CRMFGETF","CRMFGETF.NS"
"CUB","CUB.NS"
"CYBERTECH","CYBERTECH.NS"
"DAAWAT","DAAWAT.NS"
"DALMIABEL","DALMIABEL.NS"
"DALMIASUG","DALMIASUG.NS"
"DATAMATICS","DATAMATIC.NS"
"DBCORP","DBCORP.NS"
"DBSTOCKBRO","DBSTOCKBR.NS"
"DCHL","DCHL.NS"
"DCMSRMCONS","DCMSRMCON.NS"
"DCW","DCW.NS"
"DECCANCE","DECCANCE.NS"
"DEEPAKFERT","DEEPAKFER.NS"
"DEEPAKNTR","DEEPAKNTR.NS"
"DEEPIND","DEEPIND.NS"
"DEN","DEN.NS"
"DENORA","DENORA.NS"
"DENSO","DENSO.NS"
"DHAMPURSUG","DHAMPURSU.NS"
"DHANBANK","DHANBANK.NS"
"DHANUKA","DHANUKA.NS"
"DHARSUGAR","DHARSUGAR.NS"
"DHFL","DHFL.NS"
"DIAPOWER","DIAPOWER.NS"
"DICIND","DICIND.NS"
"DIGJAM","DIGJAM.NS"
"DISHMAN","DISHMAN.NS"
"DLINKINDIA","DLINKINDI.NS"
"DOLPHINOFF","DOLPHINOF.NS"
"DONEAR","DONEAR.NS"
"DPSCLTD","DPSCLTD.NS"
"DPTL","DPTL.NS"
"DQE","DQE.NS"
"DREDGECORP","DREDGECOR.NS"
"DSKULKARNI","DSKULKARN.NS"
"DUNCANSIND","DUNCANSIN.NS"
"DYNAMATECH","DYNAMATEC.NS"
"EASTSILK","EASTSILK.NS"
"ECEIND","ECEIND.NS"
"EDELWEISS","EDELWEISS.NS"
"EDL","EDL.NS"
"EICHERMOT","EICHERMOT.NS"
"EIDPARRY","EIDPARRY.NS"
"EIHAHOTELS","EIHAHOTEL.NS"
"EIHOTEL","EIHOTEL.NS"
"EIMCOELECO","EIMCOELEC.NS"
"EKC","EKC.NS"
"ELDERPHARM","ELDERPHAR.NS"
"ELECON","ELECON.NS"
"ELECTCAST","ELECTCAST.NS"
"ELECTCAST","ELECTCAST.NS"
"ELFORGE","ELFORGE.NS"
"ELGIEQUIP","ELGIEQUIP.NS"
"ELGIRUBCO","ELGIRUBCO.NS"
"EMAMILTD","EMAMILTD.NS"
"EMCO","EMCO.NS"
"EMMBI","EMMBI.NS"
"ENERGYDEV","ENERGYDEV.NS"
"ENGINERSIN","ENGINERSI.NS"
"ENIL","ENIL.NS"
"EON","EON.NS"
"ERAINFRA","ERAINFRA.NS"
"EROSMEDIA","EROSMEDIA.NS"
"ESABINDIA","ESABINDIA.NS"
"ESL","ESL.NS"
"ESSARPORTS","ESSARPORT.NS"
"ESSARSHPNG","ESSARSHPN.NS"
"ESSDEE","ESSDEE.NS"
"ESSELPACK","ESSELPACK.NS"
"ESTER","ESTER.NS"
"EUROMULTI","EUROMULTI.NS"
"EUROTEXIND","EUROTEXIN.NS"
"EVEREADY","EVEREADY.NS"
"EVERESTIND","EVERESTIN.NS"
"EVERONN","EVERONN.NS"
"EXCELCROP","EXCELCROP.NS"
"EXCELINDUS","EXCELINDU.NS"
"EXCELINFO","EXCELINFO.NS"
"FACT","FACT.NS"
"FAGBEARING","FAGBEARIN.NS"
"FCH","FCH.NS"
"FDC","FDC.NS"
"FEDDERLOYD","FEDDERLOY.NS"
"FIEMIND","FIEMIND.NS"
"FILATEX","FILATEX.NS"
"FINCABLES","FINCABLES.NS"
"FINPIPE","FINPIPE.NS"
"FIRSTLEASE","FIRSTLEAS.NS"
"FIRSTWIN","FIRSTWIN.NS"
"FKONCO","FKONCO.NS"
"FLEXITUFF","FLEXITUFF.NS"
"FMGOETZE","FMGOETZE.NS"
"FMNL","FMNL.NS"
"FOSECOIND","FOSECOIND.NS"
"FOURSOFT","FOURSOFT.NS"
"FSL","FSL.NS"
"FUTUREVENT","FUTUREVEN.NS"
"GABRIEL","GABRIEL.NS"
"GAEL","GAEL.NS"
"GAL","GAL.NS"
"GALLANTT","GALLANTT.NS"
"GALLISPAT","GALLISPAT.NS"
"GAMMNINFRA","GAMMNINFR.NS"
"GAMMONIND","GAMMONIND.NS"
"GANDHITUBE","GANDHITUB.NS"
"GANESHHOUC","GANESHHOU.NS"
"GARDENSILK","GARDENSIL.NS"
"GARWALLROP","GARWALLRO.NS"
"GATI","GATI.NS"
"GAYAPROJ","GAYAPROJ.NS"
"GDL","GDL.NS"
"GEECEE","GEECEE.NS"
"GEINDSYS","GEINDSYS.NS"
"GEMINI","GEMINI.NS"
"GENESYS","GENESYS.NS"
"GENUSPOWER","GENUSPOWE.NS"
"GEODESIC","GEODESIC.NS"
"GEOJITBNPP","GEOJITBNP.NS"
"GEOMETRIC","GEOMETRIC.NS"
"GHCL","GHCL.NS"
"GICHSGFIN","GICHSGFIN.NS"
"GILLANDERS","GILLANDER.NS"
"GILLETTE","GILLETTE.NS"
"GINNIFILA","GINNIFILA.NS"
"GIPCL","GIPCL.NS"
"GITANJALI","GITANJALI.NS"
"GLENMARK","GLENMARK.NS"
"GLOBALVECT","GLOBALVEC.NS"
"GLOBOFFS","GLOBOFFS.NS"
"GLOBUSSPR","GLOBUSSPR.NS"
"GLODYNE","GLODYNE.NS"
"GLORY","GLORY.NS"
"GMBREW","GMBREW.NS"
"GNFC","GNFC.NS"
"GOACARBON","GOACARBON.NS"
"GODFRYPHLP","GODFRYPHL.NS"
"GODREJCP","GODREJCP.NS"
"GODREJPROP","GODREJPRO.NS"
"GOENKA","GOENKA.NS"
"GOKEX","GOKEX.NS"
"GOKUL","GOKUL.NS"
"GOLDBEES","GOLDBEES.NS"
"GOLDIAM","GOLDIAM.NS"
"GOLDINFRA","GOLDINFRA.NS"
"GOLDSHARE","GOLDSHARE.NS"
"GOLDTECH","GOLDTECH.NS"
"GPIL","GPIL.NS"
"GPPL","GPPL.NS"
"GRANULES","GRANULES.NS"
"GRAPHITE","GRAPHITE.NS"
"GRAVITA","GRAVITA.NS"
"GREAVESCOT","GREAVESCO.NS"
"GREENPLY","GREENPLY.NS"
"GREENPOWER","GREENPOWE.NS"
"GRINDWELL","GRINDWELL.NS"
"GRUH","GRUH.NS"
"GSFC","GSFC.NS"
"GSKCONS","GSKCONS.NS"
"GSLNOVA","GSLNOVA.NS"
"GSS","GSS.NS"
"GTL","GTL.NS"
"GTLINFRA","GTLINFRA.NS"
"GTOFFSHORE","GTOFFSHOR.NS"
"GUJALKALI","GUJALKALI.NS"
"GUJAPOLLO","GUJAPOLLO.NS"
"GUJNRECOKE","GUJNRECOK.NS"
"GUJNRECOKE","GUJNRECOK.NS"
"GUJNREDVR","GUJNREDVR.NS"
"GUJRATGAS","GUJRATGAS.NS"
"GUJSIDHCEM","GUJSIDHCE.NS"
"GULFOILCOR","GULFOILCO.NS"
"HANUNG","HANUNG.NS"
"HARITASEAT","HARITASEA.NS"
"HARRMALAYA","HARRMALAY.NS"
"HATHWAY","HATHWAY.NS"
"HCIL","HCIL.NS"
"HDFC","HDFC.NS"
"HDFCMFGETF","HDFCMFGET.NS"
"HEG","HEG.NS"
"HEIDELBERG","HEIDELBER.NS"
"HELIOSMATH","HELIOSMAT.NS"
"HERCULES","HERCULES.NS"
"HERITGFOOD","HERITGFOO.NS"
"HFCL","HFCL.NS"
"HGS","HGS.NS"
"HIKAL","HIKAL.NS"
"HIMATSEIDE","HIMATSEID.NS"
"HINDCOMPOS","HINDCOMPO.NS"
"HINDCOPPER","HINDCOPPE.NS"
"HINDNATGLS","HINDNATGL.NS"
"HINDUJAFO","HINDUJAFO.NS"
"HINDUJAVEN","HINDUJAVE.NS"
"HIRAFERRO","HIRAFERRO.NS"
"HIRECT","HIRECT.NS"
"HITECHGEAR","HITECHGEA.NS"
"HITECHPLAS","HITECHPLA.NS"
"HMT","HMT.NS"
"HMVL","HMVL.NS"
"HNGSNGBEES","HNGSNGBEE.NS"
"HOCL","HOCL.NS"
"HONAUT","HONAUT.NS"
"HONDAPOWER","HONDAPOWE.NS"
"HORIZONINF","HORIZONIN.NS"
"HOTELEELA","HOTELEELA.NS"
"HOVS","HOVS.NS"
"HSIL","HSIL.NS"
"HTMEDIA","HTMEDIA.NS"
"HUBTOWN","HUBTOWN.NS"
"HYDRBADIND","HYDRBADIN.NS"
"HYDROS&S","HYDROS&S.NS"
"IBPOW","IBPOW.NS"
"ICRA","ICRA.NS"
"ICSA","ICSA.NS"
"IDBIGOLD","IDBIGOLD.NS"
"IFBIND","IFBIND.NS"
"IFGLREFRAC","IFGLREFRA.NS"
"IGARASHI","IGARASHI.NS"
"IIFLNIFTY","IIFLNIFTY.NS"
"IL&FSENGG","IL&FSENGG.NS"
"IL&FSTRANS","IL&FSTRAN.NS"
"IMFA","IMFA.NS"
"IMPAL","IMPAL.NS"
"INDBANK","INDBANK.NS"
"INDIABULLS","INDIABULL.NS"
"INDIABULLS","INDIABULL.NS"
"INDIAGLYCO","INDIAGLYC.NS"
"INDIANHUME","INDIANHUM.NS"
"INDLMETER","INDLMETER.NS"
"INDNIPPON","INDNIPPON.NS"
"INDOCO","INDOCO.NS"
"INDORAMA","INDORAMA.NS"
"INDOTECH","INDOTECH.NS"
"INDOTHAI","INDOTHAI.NS"
"INDOWIND","INDOWIND.NS"
"INDRAMEDCO","INDRAMEDC.NS"
"INDSWFTLAB","INDSWFTLA.NS"
"INDSWFTLTD","INDSWFTLT.NS"
"INDTERRAIN","INDTERRAI.NS"
"INDUSFILA","INDUSFILA.NS"
"INFOMEDIA","INFOMEDIA.NS"
"INFOTECENT","INFOTECEN.NS"
"INFRABEES","INFRABEES.NS"
"INGERRAND","INGERRAND.NS"
"INGVYSYABK","INGVYSYAB.NS"
"INNOIND","INNOIND.NS"
"INOXLEISUR","INOXLEISU.NS"
"INSECTICID","INSECTICI.NS"
"IOLCP","IOLCP.NS"
"IPCALAB","IPCALAB.NS"
"IPGETF","IPGETF.NS"
"IPRINGLTD","IPRINGLTD.NS"
"ISFT","ISFT.NS"
"ISMTLTD","ISMTLTD.NS"
"ITDCEM","ITDCEM.NS"
"ITI","ITI.NS"
"IVC","IVC.NS"
"J&KBANK","J&KBANK.NS"
"JAGRAN","JAGRAN.NS"
"JAGSNPHARM","JAGSNPHAR.NS"
"JAICORPLTD","JAICORPLT.NS"
"JAIHINDPRO","JAIHINDPR.NS"
"JAMNAAUTO","JAMNAAUTO.NS"
"JAYAGROGN","JAYAGROGN.NS"
"JAYBARMARU","JAYBARMAR.NS"
"JAYNECOIND","JAYNECOIN.NS"
"JAYSREETEA","JAYSREETE.NS"
"JBCHEPHARM","JBCHEPHAR.NS"
"JBFIND","JBFIND.NS"
"JBMA","JBMA.NS"
"JENSONICOL","JENSONICO.NS"
"JHS","JHS.NS"
"JINDALPHOT","JINDALPHO.NS"
"JINDALPOLY","JINDALPOL.NS"
"JINDALSWHL","JINDALSWH.NS"
"JINDCOT","JINDCOT.NS"
"JINDRILL","JINDRILL.NS"
"JISLDVREQS","JISLDVREQ.NS"
"JKCEMENT","JKCEMENT.NS"
"JKIL","JKIL.NS"
"JKLAKSHMI","JKLAKSHMI.NS"
"JKPAPER","JKPAPER.NS"
"JKTYRE","JKTYRE.NS"
"JMCPROJECT","JMCPROJEC.NS"
"JMFINANCIL","JMFINANCI.NS"
"JMTAUTOLTD","JMTAUTOLT.NS"
"JOCIL","JOCIL.NS"
"JPINFRATEC","JPINFRATE.NS"
"JSL","JSL.NS"
"JUBILANT","JUBILANT.NS"
"JUBLINDS","JUBLINDS.NS"
"JUNIORBEES","JUNIORBEE.NS"
"JVLAGRO","JVLAGRO.NS"
"JYOTHYLAB","JYOTHYLAB.NS"
"JYOTISTRUC","JYOTISTRU.NS"
"JYOTISTRUC","JYOTISTRU.NS"
"KABRAEXTRU","KABRAEXTR.NS"
"KAJARIACER","KAJARIACE.NS"
"KALECONSUL","KALECONSU.NS"
"KALINDEE","KALINDEE.NS"
"KALPATPOWR","KALPATPOW.NS"
"KAMATHOTEL","KAMATHOTE.NS"
"KANORICHEM","KANORICHE.NS"
"KANSAINER","KANSAINER.NS"
"KARURVYSYA","KARURVYSY.NS"
"KAVVERITEL","KAVVERITE.NS"
"KBIL","KBIL.NS"
"KCP","KCP.NS"
"KCPSUGIND","KCPSUGIND.NS"
"KEC","KEC.NS"
"KECL","KECL.NS"
"KEI","KEI.NS"
"KEMROCK","KEMROCK.NS"
"KERNEX","KERNEX.NS"
"KESORAMIND","KESORAMIN.NS"
"KFA","KFA.NS"
"KGL","KGL.NS"
"KHAITANELE","KHAITANEL.NS"
"KICL","KICL.NS"
"KIL","KIL.NS"
"KILITCH","KILITCH.NS"
"KINETICMOT","KINETICMO.NS"
"KIRLOSBROS","KIRLOSBRO.NS"
"KIRLOSENG","KIRLOSENG.NS"
"KIRLOSIND","KIRLOSIND.NS"
"KKCL","KKCL.NS"
"KMSUGAR","KMSUGAR.NS"
"KNRCON","KNRCON.NS"
"KOHINOOR","KOHINOOR.NS"
"KOKUYOCMLN","KOKUYOCML.NS"
"KOLTEPATIL","KOLTEPATI.NS"
"KOPRAN","KOPRAN.NS"
"KOTAKGOLD","KOTAKGOLD.NS"
"KOTAKNIFTY","KOTAKNIFT.NS"
"KOTAKPSUBK","KOTAKPSUB.NS"
"KOTHARIPET","KOTHARIPE.NS"
"KOTHARIPRO","KOTHARIPR.NS"
"KOUTONS","KOUTONS.NS"
"KPIT","KPIT.NS"
"KPRMILL","KPRMILL.NS"
"KRBL","KRBL.NS"
"KSBPUMPS","KSBPUMPS.NS"
"KSCL","KSCL.NS"
"KSE","KSE.NS"
"KSERASERA","KSERASERA.NS"
"KSL","KSL.NS"
"KSOILS","KSOILS.NS"
"KWALITY","KWALITY.NS"
"L&TFH","L&TFH.NS"
"LAKPRE","LAKPRE.NS"
"LAKSHMIEFL","LAKSHMIEF.NS"
"LAKSHMIMIL","LAKSHMIMI.NS"
"LAKSHVILAS","LAKSHVILA.NS"
"LANCOIN","LANCOIN.NS"
"LAOPALA","LAOPALA.NS"
"LAXMIMACH","LAXMIMACH.NS"
"LCCINFOTEC","LCCINFOTE.NS"
"LGBBROSLTD","LGBBROSLT.NS"
"LGBFORGE","LGBFORGE.NS"
"LLOYDELENG","LLOYDELEN.NS"
"LLOYDFIN","LLOYDFIN.NS"
"LML","LML.NS"
"LOGIXMICRO","LOGIXMICR.NS"
"LOKESHMACH","LOKESHMAC.NS"
"LOTUSEYE","LOTUSEYE.NS"
"LOVABLE","LOVABLE.NS"
"LPDC","LPDC.NS"
"LUMAXIND","LUMAXIND.NS"
"LUMAXTECH","LUMAXTECH.NS"
"M&MFIN","M&MFIN.NS"
"M100","M100.NS"
"M50","M50.NS"
"MADHAV","MADHAV.NS"
"MADHUCON","MADHUCON.NS"
"MADRASCEM","MADRASCEM.NS"
"MADRASFERT","MADRASFER.NS"
"MAGMA","MAGMA.NS"
"MAGNUM","MAGNUM.NS"
"MAHABANK","MAHABANK.NS"
"MAHINDFORG","MAHINDFOR.NS"
"MAHINDUGIN","MAHINDUGI.NS"
"MAHLIFE","MAHLIFE.NS"
"MAHSCOOTER","MAHSCOOTE.NS"
"MAHSEAMLES","MAHSEAMLE.NS"
"MANAKSIA","MANAKSIA.NS"
"MANALIPETC","MANALIPET.NS"
"MANDHANA","MANDHANA.NS"
"MANGALAM","MANGALAM.NS"
"MANGCHEFER","MANGCHEFE.NS"
"MANGTIMBER","MANGTIMBE.NS"
"MANINDS","MANINDS.NS"
"MANINFRA","MANINFRA.NS"
"MANJEERA","MANJEERA.NS"
"MANJUSHREE","MANJUSHRE.NS"
"MANUGRAPH","MANUGRAPH.NS"
"MARG","MARG.NS"
"MARICO","MARICO.NS"
"MASTEK","MASTEK.NS"
"MAXWELL","MAXWELL.NS"
"MBECL","MBECL.NS"
"MBLINFRA","MBLINFRA.NS"
"MCX","MCX.NS"
"MEGASOFT","MEGASOFT.NS"
"MEGH","MEGH.NS"
"MERCATOR","MERCATOR.NS"
"MERCK","MERCK.NS"
"METKORE","METKORE.NS"
"MGOLD","MGOLD.NS"
"MHRIL","MHRIL.NS"
"MIC","MIC.NS"
"MICROSEC","MICROSEC.NS"
"MICROTECH","MICROTECH.NS"
"MINDAIND","MINDAIND.NS"
"MIRCELECTR","MIRCELECT.NS"
"MIRZAINT","MIRZAINT.NS"
"MMFL","MMFL.NS"
"MMFSL","MMFSL.NS"
"MMTC","MMTC.NS"
"MOIL","MOIL.NS"
"MONNETISPA","MONNETISP.NS"
"MONSANTO","MONSANTO.NS"
"MOREPENLAB","MOREPENLA.NS"
"MOSERBAER","MOSERBAER.NS"
"MOTHERSUMI","MOTHERSUM.NS"
"MOTILALOFS","MOTILALOF.NS"
"MOTOGENFIN","MOTOGENFI.NS"
"MPSLTD","MPSLTD.NS"
"MRO-TEK","MRO-TEK.NS"
"MSPL","MSPL.NS"
"MTEDUCARE","MTEDUCARE.NS"
"MUKANDENGG","MUKANDENG.NS"
"MUKANDLTD","MUKANDLTD.NS"
"MUKTAARTS","MUKTAARTS.NS"
"MUNJALSHOW","MUNJALSHO.NS"
"MURLIIND","MURLIIND.NS"
"MURUDCERA","MURUDCERA.NS"
"MUTHOOTFIN","MUTHOOTFI.NS"
"MVL","MVL.NS"
"MVLIND","MVLIND.NS"
"MYSOREBANK","MYSOREBAN.NS"
"N100","N100.NS"
"NAGREEKEXP","NAGREEKEX.NS"
"NAHARCAP","NAHARCAP.NS"
"NAHARINDUS","NAHARINDU.NS"
"NAHARPOLY","NAHARPOLY.NS"
"NAHARSPING","NAHARSPIN.NS"
"NANDANEXIM","NANDANEXI.NS"
"NATCOPHARM","NATCOPHAR.NS"
"NATHSEED","NATHSEED.NS"
"NATIONALUM","NATIONALU.NS"
"NATNLSTEEL","NATNLSTEE.NS"
"NAVINFLUOR","NAVINFLUO.NS"
"NAVNETPUBL","NAVNETPUB.NS"
"NBCC","NBCC.NS"
"NBVENTURES","NBVENTURE.NS"
"NDTV","NDTV.NS"
"NECLIFE","NECLIFE.NS"
"NELCAST","NELCAST.NS"
"NELCO","NELCO.NS"
"NEPCMICON","NEPCMICON.NS"
"NESCO","NESCO.NS"
"NESTLEIND","NESTLEIND.NS"
"NET4","NET4.NS"
"NETWORK18","NETWORK18.NS"
"NEXTMEDIA","NEXTMEDIA.NS"
"NEYVELILIG","NEYVELILI.NS"
"NFL","NFL.NS"
"NICCO","NICCO.NS"
"NIFTYBEES","NIFTYBEES.NS"
"NIITLTD","NIITLTD.NS"
"NIITTECH","NIITTECH.NS"
"NILKAMAL","NILKAMAL.NS"
"NIPPOBATRY","NIPPOBATR.NS"
"NITCO","NITCO.NS"
"NITESHEST","NITESHEST.NS"
"NITINFIRE","NITINFIRE.NS"
"NITINSPIN","NITINSPIN.NS"
"NOCIL","NOCIL.NS"
"NOIDATOLL","NOIDATOLL.NS"
"NORBTEAEXP","NORBTEAEX.NS"
"NRBBEARING","NRBBEARIN.NS"
"NRC","NRC.NS"
"NUCLEUS","NUCLEUS.NS"
"OBEROIRLTY","OBEROIRLT.NS"
"OCL","OCL.NS"
"OILCOUNTUB","OILCOUNTU.NS"
"OISL","OISL.NS"
"OMAXAUTO","OMAXAUTO.NS"
"OMAXE","OMAXE.NS"
"OMKARCHEM","OMKARCHEM.NS"
"OMMETALS","OMMETALS.NS"
"OMNITECH","OMNITECH.NS"
"ONELIFECAP","ONELIFECA.NS"
"ONWARDTEC","ONWARDTEC.NS"
"ORBITCORP","ORBITCORP.NS"
"ORIENTABRA","ORIENTABR.NS"
"ORIENTALTL","ORIENTALT.NS"
"ORIENTBELL","ORIENTBEL.NS"
"ORIENTHOT","ORIENTHOT.NS"
"ORIENTLTD","ORIENTLTD.NS"
"ORIENTPPR","ORIENTPPR.NS"
"ORIENTREF","ORIENTREF.NS"
"ORISSAMINE","ORISSAMIN.NS"
"PAEL","PAEL.NS"
"PAGEIND","PAGEIND.NS"
"PANACEABIO","PANACEABI.NS"
"PANAMAPET","PANAMAPET.NS"
"PANCARBON","PANCARBON.NS"
"PANORAMUNI","PANORAMUN.NS"
"PAPERPROD","PAPERPROD.NS"
"PARABDRUGS","PARABDRUG.NS"
"PARACABLES","PARACABLE.NS"
"PARAPRINT","PARAPRINT.NS"
"PARASPETRO","PARASPETR.NS"
"PARSVNATH","PARSVNATH.NS"
"PATINTLOG","PATINTLOG.NS"
"PDPL","PDPL.NS"
"PDUMJEPULP","PDUMJEPUL.NS"
"PENIND","PENIND.NS"
"PENINLAND","PENINLAND.NS"
"PERSISTENT","PERSISTEN.NS"
"PETRONENGG","PETRONENG.NS"
"PFIZER","PFIZER.NS"
"PFOCUS","PFOCUS.NS"
"PFS","PFS.NS"
"PGHH","PGHH.NS"
"PHILIPCARB","PHILIPCAR.NS"
"PHOENIXLTD","PHOENIXLT.NS"
"PIDILITIND","PIDILITIN.NS"
"PIIND","PIIND.NS"
"PIPAVAVDOC","PIPAVAVDO.NS"
"PIRGLASS","PIRGLASS.NS"
"PITTILAM","PITTILAM.NS"
"PLASTIBLEN","PLASTIBLE.NS"
"PLETHICO","PLETHICO.NS"
"PNBGILTS","PNBGILTS.NS"
"PNC","PNC.NS"
"POCHIRAJU","POCHIRAJU.NS"
"POLYMED","POLYMED.NS"
"POLYPLEX","POLYPLEX.NS"
"PONDYOXIDE","PONDYOXID.NS"
"PONNIERODE","PONNIEROD.NS"
"PPAP","PPAP.NS"
"PRADIP","PRADIP.NS"
"PRAKASH","PRAKASH.NS"
"PRAKASHCON","PRAKASHCO.NS"
"PRAKASHSTL","PRAKASHST.NS"
"PRATIBHA","PRATIBHA.NS"
"PRECOT","PRECOT.NS"
"PRECWIRE","PRECWIRE.NS"
"PREMIER","PREMIER.NS"
"PRESTIGE","PRESTIGE.NS"
"PRETAILDVR","PRETAILDV.NS"
"PRIMESECU","PRIMESECU.NS"
"PRISMCEM","PRISMCEM.NS"
"PRITHVI","PRITHVI.NS"
"PSB","PSB.NS"
"PSL","PSL.NS"
"PSUBNKBEES","PSUBNKBEE.NS"
"PTL","PTL.NS"
"PUNJABCHEM","PUNJABCHE.NS"
"PURVA","PURVA.NS"
"PVR","PVR.NS"
"QGOLDHALF","QGOLDHALF.NS"
"QNIFTY","QNIFTY.NS"
"RADAAN","RADAAN.NS"
"RADICO","RADICO.NS"
"RAINBOWPAP","RAINBOWPA.NS"
"RAINCOM","RAINCOM.NS"
"RAJESHEXPO","RAJESHEXP.NS"
"RAJOIL","RAJOIL.NS"
"RAJPALAYAM","RAJPALAYA.NS"
"RAJTV","RAJTV.NS"
"RAJVIR","RAJVIR.NS"
"RALLIS","RALLIS.NS"
"RAMANEWS","RAMANEWS.NS"
"RAMCOIND","RAMCOIND.NS"
"RAMCOSYS","RAMCOSYS.NS"
"RAMSARUP","RAMSARUP.NS"
"RANEENGINE","RANEENGIN.NS"
"RANEHOLDIN","RANEHOLDI.NS"
"RATNAMANI","RATNAMANI.NS"
"RBL","RBL.NS"
"RBN","RBN.NS"
"RCF","RCF.NS"
"REDINGTON","REDINGTON.NS"
"REIAGROLTD","REIAGROLT.NS"
"RELAXO","RELAXO.NS"
"RELBANK","RELBANK.NS"
"RELGOLD","RELGOLD.NS"
"RELGRNIFTY","RELGRNIFT.NS"
"RELIGARE","RELIGARE.NS"
"RELIGAREGO","RELIGAREG.NS"
"RELMEDIA","RELMEDIA.NS"
"REPRO","REPRO.NS"
"RESPONIND","RESPONIND.NS"
"REVATHI","REVATHI.NS"
"RICOAUTO","RICOAUTO.NS"
"RIIL","RIIL.NS"
"RJL","RJL.NS"
"RKDL","RKDL.NS"
"RKFORGE","RKFORGE.NS"
"RMCL","RMCL.NS"
"RML","RML.NS"
"ROHITFERRO","ROHITFERR.NS"
"ROHLTD","ROHLTD.NS"
"ROMAN","ROMAN.NS"
"RPPINFRA","RPPINFRA.NS"
"RSYSTEMS","RSYSTEMS.NS"
"RUBYMILLS","RUBYMILLS.NS"
"RUCHINFRA","RUCHINFRA.NS"
"RUCHIRA","RUCHIRA.NS"
"RUPA","RUPA.NS"
"RUSHIL","RUSHIL.NS"
"SABTN","SABTN.NS"
"SADBHAV","SADBHAV.NS"
"SAGCEM","SAGCEM.NS"
"SAHPETRO","SAHPETRO.NS"
"SAKSOFT","SAKSOFT.NS"
"SAKUMA","SAKUMA.NS"
"SALORAINTL","SALORAINT.NS"
"SALSTEEL","SALSTEEL.NS"
"SAMBANDAM","SAMBANDAM.NS"
"SANDESH","SANDESH.NS"
"SANGAMIND","SANGAMIND.NS"
"SANGHIIND","SANGHIIND.NS"
"SANGHVIFOR","SANGHVIFO.NS"
"SANGHVIMOV","SANGHVIMO.NS"
"SANOFI","SANOFI.NS"
"SARDAEN","SARDAEN.NS"
"SAREGAMA","SAREGAMA.NS"
"SARLAPOLY","SARLAPOLY.NS"
"SASKEN","SASKEN.NS"
"SATHAISPAT","SATHAISPA.NS"
"SATYAMCOMP","SATYAMCOM.NS"
"SAVERA","SAVERA.NS"
"SB&TINTL","SB&TINTL.NS"
"SBBJ","SBBJ.NS"
"SBIGETS","SBIGETS.NS"
"SBT","SBT.NS"
"SCHNEIDER","SCHNEIDER.NS"
"SEAMECLTD","SEAMECLTD.NS"
"SEINV","SEINV.NS"
"SELAN","SELAN.NS"
"SERVALL","SERVALL.NS"
"SESHAPAPER","SESHAPAPE.NS"
"SGJHL","SGJHL.NS"
"SHAKTIPUMP","SHAKTIPUM.NS"
"SHARIABEES","SHARIABEE.NS"
"SHARONBIO","SHARONBIO.NS"
"SHARRESLTD","SHARRESLT.NS"
"SHASUNPHAR","SHASUNPHA.NS"
"SHILPAMED","SHILPAMED.NS"
"SHIV-VANI","SHIV-VANI.NS"
"SHLAKSHMI","SHLAKSHMI.NS"
"SHOPERSTOP","SHOPERSTO.NS"
"SHREEASHTA","SHREEASHT.NS"
"SHREECEM","SHREECEM.NS"
"SHREERAMA","SHREERAMA.NS"
"SHRENUJ","SHRENUJ.NS"
"SHRIRAMCIT","SHRIRAMCI.NS"
"SHRIRAMEPC","SHRIRAMEP.NS"
"SHYAMTEL","SHYAMTEL.NS"
"SICAGEN","SICAGEN.NS"
"SICAL","SICAL.NS"
"SIGNETIND","SIGNETIND.NS"
"SILINV","SILINV.NS"
"SIMPLEX","SIMPLEX.NS"
"SIMPLEXINF","SIMPLEXIN.NS"
"SIRPAPER","SIRPAPER.NS"
"SITASHREE","SITASHREE.NS"
"SIYSIL","SIYSIL.NS"
"SJVN","SJVN.NS"
"SKFINDIA","SKFINDIA.NS"
"SKMEGGPROD","SKMEGGPRO.NS"
"SKSMICRO","SKSMICRO.NS"
"SMARTLINK","SMARTLINK.NS"
"SMLISUZU","SMLISUZU.NS"
"SMPL","SMPL.NS"
"SMSPHARMA","SMSPHARMA.NS"
"SOFTTECHGR","SOFTTECHG.NS"
"SOLARINDS","SOLARINDS.NS"
"SOMANYCERA","SOMANYCER.NS"
"SONASTEER","SONASTEER.NS"
"SONATSOFTW","SONATSOFT.NS"
"SOTL","SOTL.NS"
"SOUISPAT","SOUISPAT.NS"
"SPANCO","SPANCO.NS"
"SPARC","SPARC.NS"
"SPECIALITY","SPECIALIT.NS"
"SPECTACLE","SPECTACLE.NS"
"SPIC","SPIC.NS"
"SPMLINFRA","SPMLINFRA.NS"
"SRF","SRF.NS"
"SRHHLINDST","SRHHLINDS.NS"
"SRSLTD","SRSLTD.NS"
"SSWL","SSWL.NS"
"STAN","STAN.NS"
"STAR","STAR.NS"
"STCINDIA","STCINDIA.NS"
"STEL","STEL.NS"
"STERTOOLS","STERTOOLS.NS"
"STYABS","STYABS.NS"
"SUBEX","SUBEX.NS"
"SUBROS","SUBROS.NS"
"SUDAR","SUDAR.NS"
"SUDARSCHEM","SUDARSCHE.NS"
"SUJANAUNI","SUJANAUNI.NS"
"SUMEETINDS","SUMEETIND.NS"
"SUMMITSEC","SUMMITSEC.NS"
"SUNCLAYTON","SUNCLAYTO.NS"
"SUNDARAM","SUNDARAM.NS"
"SUNDARMFIN","SUNDARMFI.NS"
"SUNDRMBRAK","SUNDRMBRA.NS"
"SUNDRMFAST","SUNDRMFAS.NS"
"SUNFLAG","SUNFLAG.NS"
"SUNILHITEC","SUNILHITE.NS"
"SUNTECK","SUNTECK.NS"
"SUPER","SUPER.NS"
"SUPPETRO","SUPPETRO.NS"
"SUPRAJIT","SUPRAJIT.NS"
"SUPREMEIND","SUPREMEIN.NS"
"SUPREMEINF","SUPREMEIN.NS"
"SURAJDIAMN","SURAJDIAM.NS"
"SURANAIND","SURANAIND.NS"
"SURANAT&P","SURANAT&P.NS"
"SURANAVEL","SURANAVEL.NS"
"SURYALAXMI","SURYALAXM.NS"
"SURYAROSNI","SURYAROSN.NS"
"SUTLEJTEX","SUTLEJTEX.NS"
"SUVEN","SUVEN.NS"
"SWANENERGY","SWANENERG.NS"
"SWARAJENG","SWARAJENG.NS"
"SYMPHONY","SYMPHONY.NS"
"SYNCOM","SYNCOM.NS"
"TAJGVK","TAJGVK.NS"
"TALBROAUTO","TALBROAUT.NS"
"TALWALKARS","TALWALKAR.NS"
"TANLA","TANLA.NS"
"TANTIACONS","TANTIACON.NS"
"TATAELXSI","TATAELXSI.NS"
"TATAINVEST","TATAINVES.NS"
"TATAMETALI","TATAMETAL.NS"
"TATASPONGE","TATASPONG.NS"
"TBZ","TBZ.NS"
"TCI","TCI.NS"
"TCIDEVELOP","TCIDEVELO.NS"
"TDPOWERSYS","TDPOWERSY.NS"
"TECHNO","TECHNO.NS"
"TECHNOFAB","TECHNOFAB.NS"
"TECPRO","TECPRO.NS"
"TEXINFRA","TEXINFRA.NS"
"TEXRAIL","TEXRAIL.NS"
"TFCILTD","TFCILTD.NS"
"THANGAMAYL","THANGAMAY.NS"
"THEBYKE","THEBYKE.NS"
"THEMISMED","THEMISMED.NS"
"THERMAX","THERMAX.NS"
"THOMASCOOK","THOMASCOO.NS"
"TI","TI.NS"
"TIDEWATER","TIDEWATER.NS"
"TIIL","TIIL.NS"
"TIJARIA","TIJARIA.NS"
"TIL","TIL.NS"
"TIMBOR","TIMBOR.NS"
"TIMETECHNO","TIMETECHN.NS"
"TIMKEN","TIMKEN.NS"
"TINPLATE","TINPLATE.NS"
"TIPSINDLTD","TIPSINDLT.NS"
"TNPETRO","TNPETRO.NS"
"TNPL","TNPL.NS"
"TODAYS","TODAYS.NS"
"TOKYOPLAST","TOKYOPLAS.NS"
"TORNTPHARM","TORNTPHAR.NS"
"TORNTPOWER","TORNTPOWE.NS"
"TREEHOUSE","TREEHOUSE.NS"
"TRENT","TRENT.NS"
"TRF","TRF.NS"
"TRIDENT","TRIDENT.NS"
"TRIGYN","TRIGYN.NS"
"TRIL","TRIL.NS"
"TRITURBINE","TRITURBIN.NS"
"TRIVENI","TRIVENI.NS"
"TTKHEALTH","TTKHEALTH.NS"
"TUBEINVEST","TUBEINVES.NS"
"TULSI","TULSI.NS"
"TULSYAN","TULSYAN.NS"
"TV18BRDCST","TV18BRDCS.NS"
"TVSELECT","TVSELECT.NS"
"TVSSRICHAK","TVSSRICHA.NS"
"TVTODAY","TVTODAY.NS"
"TWILITAKA","TWILITAKA.NS"
"TWL","TWL.NS"
"UBENGG","UBENGG.NS"
"UBHOLDINGS","UBHOLDING.NS"
"UBL","UBL.NS"
"UCALFUEL","UCALFUEL.NS"
"UFLEX","UFLEX.NS"
"UGARSUGAR","UGARSUGAR.NS"
"UNICHEMLAB","UNICHEMLA.NS"
"UNIENTER","UNIENTER.NS"
"UNITEDBNK","UNITEDBNK.NS"
"UNITY","UNITY.NS"
"UNIVCABLES","UNIVCABLE.NS"
"USHAMART","USHAMART.NS"
"USHERAGRO","USHERAGRO.NS"
"UTTAMSTL","UTTAMSTL.NS"
"VADILALIND","VADILALIN.NS"
"VAIBHAVGEM","VAIBHAVGE.NS"
"VAKRANSOFT","VAKRANSOF.NS"
"VALECHAENG","VALECHAEN.NS"
"VALUEIND","VALUEIND.NS"
"VARDHACRLC","VARDHACRL.NS"
"VARUNSHIP","VARUNSHIP.NS"
"VASCONEQ","VASCONEQ.NS"
"VASWANI","VASWANI.NS"
"VENKEYS","VENKEYS.NS"
"VENUSREM","VENUSREM.NS"
"VESUVIUS","VESUVIUS.NS"
"VGUARD","VGUARD.NS"
"VHL","VHL.NS"
"VIKASGLOB","VIKASGLOB.NS"
"VINATIORGA","VINATIORG.NS"
"VINDHYATEL","VINDHYATE.NS"
"VIPUL","VIPUL.NS"
"VISAKAIND","VISAKAIND.NS"
"VISASTEEL","VISASTEEL.NS"
"VISESHINFO","VISESHINF.NS"
"VISUINTL","VISUINTL.NS"
"VIVIMEDLAB","VIVIMEDLA.NS"
"VOLTAMP","VOLTAMP.NS"
"VSSL","VSSL.NS"
"VSTIND","VSTIND.NS"
"VSTTILLERS","VSTTILLER.NS"
"VTL","VTL.NS"
"VTXIND","VTXIND.NS"
"WABAG","WABAG.NS"
"WABCOINDIA","WABCOINDI.NS"
"WENDT","WENDT.NS"
"WHEELS","WHEELS.NS"
"WHIRLPOOL","WHIRLPOOL.NS"
"WILLAMAGOR","WILLAMAGO.NS"
"WOCKPHARMA","WOCKPHARM.NS"
"WSTCSTPAPR","WSTCSTPAP.NS"
"WYETH","WYETH.NS"
"XCHANGING","XCHANGING.NS"
"XLENERGY","XLENERGY.NS"
"XPROINDIA","XPROINDIA.NS"
"ZANDUREALT","ZANDUREAL.NS"
"ZENITHBIR","ZENITHBIR.NS"
"ZENITHINFO","ZENITHINF.NS"
"ZENSARTECH","ZENSARTEC.NS"
"ZICOM","ZICOM.NS"
"ZODIACLOTH","ZODIACLOT.NS"
"ZUARIAGRO","ZUARIAGRO.NS"
"ZYDUSWELL","ZYDUSWELL.NS"
"ZYLOG","ZYLOG.NS"
"ABAN","ABAN.NS"
"ABB","ABB.NS"
"ABIRLANUVO","ABIRLANUV.NS"
"ACC","ACC.NS"
"ADANIENT","ADANIENT.NS"
"ADANIPORTS","ADANIPORT.NS"
"ADANIPOWER","ADANIPOWE.NS"
"AIL","AIL.NS"
"ALBK","ALBK.NS"
"ALOKTEXT","ALOKTEXT.NS"
"AMBUJACEM","AMBUJACEM.NS"
"ANDHRABANK","ANDHRABAN.NS"
"APOLLOTYRE","APOLLOTYR.NS"
"ARVIND","ARVIND.NS"
"ASHOKLEY","ASHOKLEY.NS"
"ASIANPAINT","ASIANPAIN.NS"
"AUROPHARMA","AUROPHARM.NS"
"AXISBANK","AXISBANK.NS"
"BAJAJ-AUTO","BAJAJ-AUT.NS"
"BAJAJHIND","BAJAJHIND.NS"
"BAJAJHLDNG","BAJAJHLDN.NS"
"BALRAMCHIN","BALRAMCHI.NS"
"BANKBARODA","BANKBAROD.NS"
"BANKINDIA","BANKINDIA.NS"
"BATAINDIA","BATAINDIA.NS"
"BEL","BEL.NS"
"BEML","BEML.NS"
"BFUTILITIE","BFUTILITI.NS"
"BGRENERGY","BGRENERGY.NS"
"BHARATFORG","BHARATFOR.NS"
"BHARTIARTL","BHARTIART.NS"
"BHEL","BHEL.NS"
"BHUSANSTL","BHUSANSTL.NS"
"BIOCON","BIOCON.NS"
"BOMDYEING","BOMDYEING.NS"
"BOSCHLTD","BOSCHLTD.NS"
"BPCL","BPCL.NS"
"CAIRN","CAIRN.NS"
"CANBK","CANBK.NS"
"CENTRALBK","CENTRALBK.NS"
"CENTURYTEX","CENTURYTE.NS"
"CESC","CESC.NS"
"CHAMBLFERT","CHAMBLFER.NS"
"CIPLA","CIPLA.NS"
"CMC","CMC.NS"
"COALINDIA","COALINDIA.NS"
"COLPAL","COLPAL.NS"
"COREEDUTEC","COREEDUTE.NS"
"CROMPGREAV","CROMPGREA.NS"
"CUMMINSIND","CUMMINSIN.NS"
"DABUR","DABUR.NS"
"DCB","DCB.NS"
"DELTACORP","DELTACORP.NS"
"DENABANK","DENABANK.NS"
"DISHTV","DISHTV.NS"
"DIVISLAB","DIVISLAB.NS"
"DLF","DLF.NS"
"DRREDDY","DRREDDY.NS"
"ECLERX","ECLERX.NS"
"EDUCOMP","EDUCOMP.NS"
"ESCORTS","ESCORTS.NS"
"ESSAROIL","ESSAROIL.NS"
"EXIDEIND","EXIDEIND.NS"
"FEDERALBNK","FEDERALBN.NS"
"FINANTECH","FINANTECH.NS"
"FORTIS","FORTIS.NS"
"GAIL","GAIL.NS"
"GESHIP","GESHIP.NS"
"GLAXO","GLAXO.NS"
"GMDCLTD","GMDCLTD.NS"
"GMRINFRA","GMRINFRA.NS"
"GODREJIND","GODREJIND.NS"
"GRASIM","GRASIM.NS"
"GSPL","GSPL.NS"
"GUJFLUORO","GUJFLUORO.NS"
"GVKPIL","GVKPIL.NS"
"HAVELLS","HAVELLS.NS"
"HCC","HCC.NS"
"HCL-INSYS","HCL-INSYS.NS"
"HCLTECH","HCLTECH.NS"
"HDFC","HDFC.NS"
"HDFCBANK","HDFCBANK.NS"
"HDIL","HDIL.NS"
"HEROMOTOCO","HEROMOTOC.NS"
"HEXAWARE","HEXAWARE.NS"
"HINDALCO","HINDALCO.NS"
"HINDOILEXP","HINDOILEX.NS"
"HINDPETRO","HINDPETRO.NS"
"HINDUNILVR","HINDUNILV.NS"
"HINDZINC","HINDZINC.NS"
"IBREALEST","IBREALEST.NS"
"ICICIBANK","ICICIBANK.NS"
"IDBI","IDBI.NS"
"IDEA","IDEA.NS"
"IDFC","IDFC.NS"
"IFCI","IFCI.NS"
"IGL","IGL.NS"
"INDHOTEL","INDHOTEL.NS"
"INDIACEM","INDIACEM.NS"
"INDIAINFO","INDIAINFO.NS"
"INDIANB","INDIANB.NS"
"INDUSINDBK","INDUSINDB.NS"
"INFY","INFY.NS"
"IOB","IOB.NS"
"IOC","IOC.NS"
"IRB","IRB.NS"
"ITC","ITC.NS"
"IVRCLINFRA","IVRCLINFR.NS"
"JETAIRWAYS","JETAIRWAY.NS"
"JINDALSAW","JINDALSAW.NS"
"JINDALSTEL","JINDALSTE.NS"
"JISLJALEQS","JISLJALEQ.NS"
"JPASSOCIAT","JPASSOCIA.NS"
"JPPOWER","JPPOWER.NS"
"JSWENERGY","JSWENERGY.NS"
"JSWISPAT","JSWISPAT.NS"
"JSWSTEEL","JSWSTEEL.NS"
"JUBLFOOD","JUBLFOOD.NS"
"KOTAKBANK","KOTAKBANK.NS"
"KTKBANK","KTKBANK.NS"
"LICHSGFIN","LICHSGFIN.NS"
"LITL","LITL.NS"
"LT","LT.NS"
"LUPIN","LUPIN.NS"
"M&M","M&M.NS"
"MARUTI","MARUTI.NS"
"MAX","MAX.NS"
"MCDOWELL-N","MCDOWELL-.NS"
"MCLEODRUSS","MCLEODRUS.NS"
"MINDTREE","MINDTREE.NS"
"MPHASIS","MPHASIS.NS"
"MRF","MRF.NS"
"MRPL","MRPL.NS"
"MTNL","MTNL.NS"
"NAGAROIL","NAGAROIL.NS"
"NAUKRI","NAUKRI.NS"
"NCC","NCC.NS"
"NHPC","NHPC.NS"
"NMDC","NMDC.NS"
"NTPC","NTPC.NS"
"OFSS","OFSS.NS"
"OIL","OIL.NS"
"ONGC","ONGC.NS"
"ONMOBILE","ONMOBILE.NS"
"OPTOCIRCUI","OPTOCIRCU.NS"
"ORCHIDCHEM","ORCHIDCHE.NS"
"ORIENTBANK","ORIENTBAN.NS"
"PANTALOONR","PANTALOON.NS"
"PATELENG","PATELENG.NS"
"PETRONET","PETRONET.NS"
"PFC","PFC.NS"
"PIRHEALTH","PIRHEALTH.NS"
"PNB","PNB.NS"
"POLARIS","POLARIS.NS"
"POWERGRID","POWERGRID.NS"
"PRAJIND","PRAJIND.NS"
"PTC","PTC.NS"
"PUNJLLOYD","PUNJLLOYD.NS"
"RANBAXY","RANBAXY.NS"
"RAYMOND","RAYMOND.NS"
"RCOM","RCOM.NS"
"RECLTD","RECLTD.NS"
"RELCAPITAL","RELCAPITA.NS"
"RELIANCE","RELIANCE.NS"
"RELINFRA","RELINFRA.NS"
"RENUKA","RENUKA.NS"
"ROLTA","ROLTA.NS"
"RPOWER","RPOWER.NS"
"RUCHISOYA","RUCHISOYA.NS"
"SAIL","SAIL.NS"
"SBIN","SBIN.NS"
"SCI","SCI.NS"
"SESAGOA","SESAGOA.NS"
"SIEMENS","SIEMENS.NS"
"SINTEX","SINTEX.NS"
"SKUMARSYNF","SKUMARSYN.NS"
"SOBHA","SOBHA.NS"
"SOUTHBANK","SOUTHBANK.NS"
"SREINFRA","SREINFRA.NS"
"SRTRANSFIN","SRTRANSFI.NS"
"STER","STER.NS"
"STRTECH","STRTECH.NS"
"SUNPHARMA","SUNPHARMA.NS"
"SUNTV","SUNTV.NS"
"SUZLON","SUZLON.NS"
"SYNDIBANK","SYNDIBANK.NS"
"TATACHEM","TATACHEM.NS"
"TATACOFFEE","TATACOFFE.NS"
"TATACOMM","TATACOMM.NS"
"TATAGLOBAL","TATAGLOBA.NS"
"TATAMOTORS","TATAMOTOR.NS"
"TATAMTRDVR","TATAMTRDV.NS"
"TATAPOWER","TATAPOWER.NS"
"TATASTEEL","TATASTEEL.NS"
"TCS","TCS.NS"
"TECHM","TECHM.NS"
"TITAN","TITAN.NS"
"TTKPRESTIG","TTKPRESTI.NS"
"TTML","TTML.NS"
"TULIP","TULIP.NS"
"TVSMOTOR","TVSMOTOR.NS"
"UCOBANK","UCOBANK.NS"
"ULTRACEMCO","ULTRACEMC.NS"
"UNIONBANK","UNIONBANK.NS"
"UNIPHOS","UNIPHOS.NS"
"UNITECH","UNITECH.NS"
"VIDEOIND","VIDEOIND.NS"
"VIJAYABANK","VIJAYABAN.NS"
"VIPIND","VIPIND.NS"
"VOLTAS","VOLTAS.NS"
"WELCORP","WELCORP.NS"
"WIPRO","WIPRO.NS"
"YESBANK","YESBANK.NS"
"ZEEL","ZEEL.NS"
